family,experiment_id,run_id,configuration_id,symbol,timeframe,mode,period,return_pct_base,expectancy_base,profit_factor_base,max_drawdown_pct_base,closed_trades_base,total_modeled_costs_base,return_pct_adverse,expectancy_adverse,profit_factor_adverse,max_drawdown_pct_adverse,closed_trades_adverse,total_modeled_costs_adverse,return_pct_delta,expectancy_delta,profit_factor_delta,max_drawdown_pct_delta,closed_trades_delta,total_modeled_costs_delta
atr,eth_short_regime_challenge_v1_atr,20261007T203617Z-52e2dc923989,143528a8db38d8af,ETHUSDT,1h,SHORT_ONLY,diagnostic_year_2023,-6.146015828607709,-14.63337102049426,0.49267601380253895,6.401678741212345,42,174.17364827721556,-7.4388375198934265,-17.711517904508078,0.4255151842711819,7.629010277979072,42,345.6283726297568,-1.2928216912857176,-3.078146884013817,-0.06716082953135705,1.2273315367667266,0,171.45472435254126
atr,eth_short_regime_challenge_v1_atr,20261007T203617Z-52e2dc923989,143528a8db38d8af,ETHUSDT,1h,SHORT_ONLY,diagnostic_year_2024,-1.231234657940894,-1.8942071660629523,0.9566782623366583,5.592005697970985,65,267.46323980937456,-3.2714933699676263,-5.033066723027174,0.8883711758653381,5.982879945758677,65,527.4298222566945,-2.0402587120267324,-3.1388595569642215,-0.06830708647132022,0.39087424778769186,0,259.9665824473199
atr,eth_short_regime_challenge_v1_atr,20261007T203617Z-52e2dc923989,143528a8db38d8af,ETHUSDT,1h,SHORT_ONLY,diagnostic_year_2025,14.257609303298269,24.165439497115717,1.5408422437941904,5.028347393587012,59,256.6142663793028,12.150516068291338,20.594095031002322,1.451125572716248,5.4147145105484835,59,506.0445157838042,-2.1070932350069302,-3.571344466113395,-0.08971667107794246,0.3863671169614715,0,249.43024940450135
atr,eth_short_regime_challenge_v1_atr,20261007T203617Z-52e2dc923989,143528a8db38d8af,ETHUSDT,1h,SHORT_ONLY,diagnostic_year_2026,-0.16619695112405353,-0.3957070264857194,0.989802878535599,5.89393557345128,42,177.79475221901538,-1.6195023852897616,-3.8559580602135335,0.9051223346884149,6.215811466833593,42,351.95999396962605,-1.4533054341657081,-3.460251033727814,-0.08468054384718415,0.3218758933823125,0,174.16524175061068
atr,eth_short_regime_challenge_v1_atr,20261007T203617Z-52e2dc923989,143528a8db38d8af,ETHUSDT,1h,SHORT_ONLY,test,5.96220071122433,8.640870595977246,1.211715478789309,6.618098298370019,69,303.3608192994186,3.45448816066094,5.006504580667975,1.1183776127266187,7.010706241598065,69,597.4814954059755,-2.50771255056339,-3.634366015309271,-0.09333786606269023,0.3926079432280458,0,294.12067610655686
atr,eth_short_regime_challenge_v1_atr,20261007T203617Z-52e2dc923989,143528a8db38d8af,ETHUSDT,1h,SHORT_ONLY,train,-5.4005032972958,-7.500699024021723,0.7684916773131504,9.278280512759345,72,292.0505599674035,-7.636991006019455,-10.6069319528048,0.6882492894314679,10.781288912416741,72,576.3080091393484,-2.236487708723655,-3.1062329287830766,-0.08024238788168248,1.5030083996573964,0,284.2574491719449
atr,eth_short_regime_challenge_v1_atr,20261007T203617Z-52e2dc923989,143528a8db38d8af,ETHUSDT,1h,SHORT_ONLY,validation,-1.803408736047729,-5.152596388707683,0.8884559837905608,5.592007392788815,35,141.02742434708463,-2.868311685555114,-8.19517624444322,0.8282313317681708,5.9828807172383,35,279.33653931275916,-1.0649029495073847,-3.0425798557355366,-0.060224652022390024,0.3908733244494842,0,138.30911496567452
atr,eth_short_regime_challenge_v1_atr,20261007T203617Z-52e2dc923989,143528a8db38d8af,ETHUSDT,1h,SHORT_ONLY,wf_0_train,-4.200122470130041,-6.268839507656768,0.8066847557240633,8.287334037303387,67,274.20770890373603,-6.306042792350707,-9.412004167687787,0.7235902102661862,9.694958841061405,67,541.4851561071637,-2.1059203222206664,-3.143164660031019,-0.08309454545787709,1.4076248037580186,0,267.27744720342764
atr,eth_short_regime_challenge_v1_atr,20261007T203617Z-52e2dc923989,143528a8db38d8af,ETHUSDT,1h,SHORT_ONLY,wf_1_train,-3.4720207186083596,-5.786701197680641,0.8619170226351075,5.827938145248629,60,242.48230398218521,-5.344744363280629,-8.907907272134313,0.7948995850121808,7.226137216442993,60,478.9457235980259,-1.8727236446722695,-3.1212060744536725,-0.06701743762292667,1.3981990711943642,0,236.46341961584068
atr,eth_short_regime_challenge_v1_atr,20261007T203617Z-52e2dc923989,143528a8db38d8af,ETHUSDT,1h,SHORT_ONLY,wf_2_train,-1.231234657940894,-1.8942071660629523,0.9566782623366583,5.592005697970985,65,267.46323980937456,-3.2714933699676263,-5.033066723027174,0.8883711758653381,5.982879945758677,65,527.4298222566945,-2.0402587120267324,-3.1388595569642215,-0.06830708647132022,0.39087424778769186,0,259.9665824473199
atr,eth_short_regime_challenge_v1_atr,20261007T203617Z-52e2dc923989,143528a8db38d8af,ETHUSDT,1h,SHORT_ONLY,wf_3_train,5.123288951298877,7.018204042875259,1.1555465981659454,5.592005996807908,73,304.61175576019855,2.830662525173966,3.8776198974986515,1.0839789166337062,5.982877913028281,73,599.9743508122293,-2.2926264261249107,-3.1405841453766072,-0.07156768153223925,0.3908719162203731,0,295.36259505203077
atr,eth_short_regime_challenge_v1_atr,20261007T203617Z-52e2dc923989,49c4a234fbe24bab,ETHUSDT,1h,SHORT_ONLY,diagnostic_year_2023,-4.824480913117235,-12.370463879787836,0.5538559918838868,5.083743752444075,39,162.33585067388228,-6.039211710160963,-15.485158231181998,0.47802787081291087,6.232260087927618,39,322.27553312503136,-1.2147307970437282,-3.114694351394162,-0.07582812107097592,1.148516335483543,0,159.93968245114908
atr,eth_short_regime_challenge_v1_atr,20261007T203617Z-52e2dc923989,49c4a234fbe24bab,ETHUSDT,1h,SHORT_ONLY,diagnostic_year_2024,-1.7255457212488778,-3.1373558568162743,0.9305529238434642,7.741649717856689,55,227.87316182211615,-3.488880337796485,-6.3434187959936965,0.8640901939111864,8.836123438459769,55,450.0692174133921,-1.7633346165476071,-3.2060629391774222,-0.06646272993227786,1.0944737206030792,0,222.19605559127595
atr,eth_short_regime_challenge_v1_atr,20261007T203617Z-52e2dc923989,49c4a234fbe24bab,ETHUSDT,1h,SHORT_ONLY,diagnostic_year_2025,9.235704668049593,19.650435463935374,1.443018137047264,4.649909393765082,47,196.58773478968027,7.651536547898474,16.279864995528754,1.3585554056887537,5.037423191938922,47,388.24220820276645,-1.5841681201511184,-3.370570468406619,-0.08446273135851023,0.38751379817384013,0,191.65447341308618
atr,eth_short_regime_challenge_v1_atr,20261007T203617Z-52e2dc923989,49c4a234fbe24bab,ETHUSDT,1h,SHORT_ONLY,diagnostic_year_2026,-1.3742362812740438,-4.294488378981255,0.8906017642571494,5.313612043035377,32,136.1559891620454,-2.394262719409468,-7.482070998154658,0.8183376865692903,5.8457098063701975,32,270.28097020798526,-1.020026438135424,-3.187582619173403,-0.07226407768785914,0.5320977633348205,0,134.12498104593988
atr,eth_short_regime_challenge_v1_atr,20261007T203617Z-52e2dc923989,49c4a234fbe24bab,ETHUSDT,1h,SHORT_ONLY,test,3.3551659875058037,6.330501863218605,1.1564474470255568,5.31361080998992,53,231.66362094739827,1.5806103956479634,2.9822837653734586,1.0709403587665345,5.845709830025295,53,457.8193041761438,-1.7745555918578404,-3.3482180978451463,-0.08550708825902231,0.5320990200353748,0,226.15568322874554
atr,eth_short_regime_challenge_v1_atr,20261007T203617Z-52e2dc923989,49c4a234fbe24bab,ETHUSDT,1h,SHORT_ONLY,train,-3.9087935003129126,-6.013528462019915,0.8161493361685519,5.9537995273919915,65,266.7582486212123,-5.957469078257704,-9.16533704347344,0.732857332274498,7.290018551731259,65,526.9031190392672,-2.0486755779447914,-3.1518085814535244,-0.08329200389405389,1.3362190243392673,0,260.14487041805484
atr,eth_short_regime_challenge_v1_atr,20261007T203617Z-52e2dc923989,49c4a234fbe24bab,ETHUSDT,1h,SHORT_ONLY,validation,-2.4572188487123503,-8.473168443835636,0.8187450202114481,7.0672962304925,29,117.25997197385753,-3.378143910853726,-11.648772106391991,0.7598131985895433,7.684528399702052,29,232.5217273350781,-0.9209250621413756,-3.1756036625563553,-0.0589318216219048,0.6172321692095517,0,115.26175536122058
atr,eth_short_regime_challenge_v1_atr,20261007T203617Z-52e2dc923989,49c4a234fbe24bab,ETHUSDT,1h,SHORT_ONLY,wf_0_train,-2.6894835347102575,-4.482472557850497,0.863017740913998,5.105299037391534,60,248.59448472673068,-4.6023199806569215,-7.670533301095022,0.7764350115288589,5.915304633776606,60,491.3683073746842,-1.912836445946664,-3.1880607432445247,-0.08658272938513911,0.8100055963850723,0,242.77382264795352
atr,eth_short_regime_challenge_v1_atr,20261007T203617Z-52e2dc923989,49c4a234fbe24bab,ETHUSDT,1h,SHORT_ONLY,wf_1_train,-4.210595042956722,-8.097298159532244,0.8151648041042124,6.752371146048586,52,213.64416600855625,-5.848885764540723,-11.247857239501352,0.7523957459219796,7.608833481635123,52,422.4256971441983,-1.638290721584001,-3.150559079969108,-0.06276905818223288,0.8564623355865368,0,208.78153113564204
atr,eth_short_regime_challenge_v1_atr,20261007T203617Z-52e2dc923989,49c4a234fbe24bab,ETHUSDT,1h,SHORT_ONLY,wf_2_train,-1.7255457212488778,-3.1373558568162743,0.9305529238434642,7.741649717856689,55,227.87316182211615,-3.488880337796485,-6.3434187959936965,0.8640901939111864,8.836123438459769,55,450.0692174133921,-1.7633346165476071,-3.2060629391774222,-0.06646272993227786,1.0944737206030792,0,222.19605559127595
atr,eth_short_regime_challenge_v1_atr,20261007T203617Z-52e2dc923989,49c4a234fbe24bab,ETHUSDT,1h,SHORT_ONLY,wf_3_train,-0.92284435130352,-1.512859592300873,0.9673347812802822,7.741648576062915,61,247.56732545023232,-2.7887356347900405,-4.571697761950723,0.904014694057304,8.89644334633333,61,488.6853112038703,-1.8658912834865204,-3.0588381696498503,-0.06332008722297822,1.1547947702704144,0,241.11798575363798
atr,eth_short_regime_challenge_v1_atr,20261007T203617Z-52e2dc923989,817d1c5f49c84d4e,ETHUSDT,1h,SHORT_ONLY,diagnostic_year_2023,-4.011749581933943,-10.286537389574468,0.6015101029905271,4.353034580543129,39,162.58036001039923,-5.23601435824157,-13.425677841644966,0.5165779086088033,5.489398636780311,39,322.76667382446084,-1.2242647763076269,-3.1391404520704977,-0.08493219438172384,1.1363640562371815,0,160.1863138140616
atr,eth_short_regime_challenge_v1_atr,20261007T203617Z-52e2dc923989,817d1c5f49c84d4e,ETHUSDT,1h,SHORT_ONLY,diagnostic_year_2024,6.943168384077181,11.020902196947839,1.274429829053678,7.503962769709796,63,279.52125271363894,4.6779629624750685,7.425338035674709,1.1783221093457141,8.039887993270483,63,551.7708184642537,-2.2652054216021122,-3.5955641612731295,-0.09610771970796383,0.5359252235606871,0,272.24956575061475
atr,eth_short_regime_challenge_v1_atr,20261007T203617Z-52e2dc923989,817d1c5f49c84d4e,ETHUSDT,1h,SHORT_ONLY,diagnostic_year_2025,11.201801113181965,21.135473798456484,1.5207758745768112,4.6168530639221474,53,228.02612427252961,9.325742750073918,17.595741037875328,1.4212471203962052,4.897241261943126,53,450.20722643703147,-1.8760583631080472,-3.539732760581156,-0.09952875418060603,0.2803881980209786,0,222.18110216450185
atr,eth_short_regime_challenge_v1_atr,20261007T203617Z-52e2dc923989,817d1c5f49c84d4e,ETHUSDT,1h,SHORT_ONLY,diagnostic_year_2026,0.18470405751478403,0.5130668264299708,1.013258394320742,5.537866586900179,36,155.83218867528424,-0.9833948493666478,-2.7316523593516475,0.9325249062952911,5.7879599733227,36,309.096000782461,-1.1680989068814318,-3.2447191857816184,-0.080733488025451,0.2500933864225203,0,153.26381210717673
atr,eth_short_regime_challenge_v1_atr,20261007T203617Z-52e2dc923989,817d1c5f49c84d4e,ETHUSDT,1h,SHORT_ONLY,test,6.313567333652426,10.700961582461638,1.2835094302867611,5.537866349355471,59,265.7958749397353,4.3054123716122605,7.297309104427527,1.1858878335060572,5.787961948666022,59,525.4087759514792,-2.008154962040165,-3.40365247803411,-0.09762159678070392,0.25009559931055136,0,259.61290101174393
atr,eth_short_regime_challenge_v1_atr,20261007T203617Z-52e2dc923989,817d1c5f49c84d4e,ETHUSDT,1h,SHORT_ONLY,train,2.63695235403385,3.8778711088730593,1.1355326219384285,5.173794882623349,68,284.0846349460786,0.3192166094578841,0.4694361903792165,1.015548078567758,6.577737670787975,68,560.9890785652756,-2.317735744575966,-3.408434918493843,-0.11998454337067055,1.4039427881646267,0,276.90444361919697
atr,eth_short_regime_challenge_v1_atr,20261007T203617Z-52e2dc923989,817d1c5f49c84d4e,ETHUSDT,1h,SHORT_ONLY,validation,0.2259738550041801,0.6646289853062968,1.015764980631536,7.503962772965917,34,143.31472467526538,-0.9190608719242155,-2.7031202115418047,0.9384843390373128,8.039890368157856,34,284.2902474813047,-1.1450347269283956,-3.3677491968481013,-0.07728064159422332,0.5359275951919393,0,140.9755228060393
atr,eth_short_regime_challenge_v1_atr,20261007T203617Z-52e2dc923989,817d1c5f49c84d4e,ETHUSDT,1h,SHORT_ONLY,wf_0_test,0.2199812761669362,1.0475298865091434,1.023838881851137,6.047004341057952,21,87.98348766103327,-0.4596125690740305,-2.188631281304783,0.9519958413396946,6.317907909845031,21,174.78120279322198,-0.6795938452409667,-3.2361611678139264,-0.07184304051144241,0.27090356878707933,0,86.79771513218871
atr,eth_short_regime_challenge_v1_atr,20261007T203617Z-52e2dc923989,817d1c5f49c84d4e,ETHUSDT,1h,SHORT_ONLY,wf_0_train,3.731763987316672,5.923434900502748,1.2076273065931749,4.640000376729781,63,265.6549890271671,1.5613951485818234,2.4784049977490183,1.0823695183110718,5.5318298962096515,63,524.9856490738248,-2.1703688387348485,-3.44502990275373,-0.1252577882821031,0.8918295194798702,0,259.33066004665767
atr,eth_short_regime_challenge_v1_atr,20261007T203617Z-52e2dc923989,817d1c5f49c84d4e,ETHUSDT,1h,SHORT_ONLY,wf_1_test,0.005977998696260478,0.04598460535549483,1.0011733367168536,2.510958981709904,13,55.209790262584356,-0.46156825704236626,-3.550525054171875,0.9143756401280146,2.743049095123669,13,110.01470064283392,-0.46754625573862674,-3.59650965952737,-0.08679769658883896,0.23209011341376495,0,54.80491038024956
atr,eth_short_regime_challenge_v1_atr,20261007T203617Z-52e2dc923989,817d1c5f49c84d4e,ETHUSDT,1h,SHORT_ONLY,wf_1_train,5.771979620320056,10.126280035649321,1.2637086685745693,6.047002593017273,57,247.78567496504903,3.7716423245845343,6.616916358920112,1.1660716285145885,6.317907337611281,57,489.6364629570608,-2.0003372957355214,-3.509363676729209,-0.09763704005998086,0.2709047445940085,0,241.8507879920118
atr,eth_short_regime_challenge_v1_atr,20261007T203617Z-52e2dc923989,817d1c5f49c84d4e,ETHUSDT,1h,SHORT_ONLY,wf_2_test,2.175791318095044,13.598695738093646,1.2790143471415847,2.139200805302886,16,63.50984401883614,1.6893116591657709,10.55819786978617,1.212169176266095,2.1991036579949284,16,125.52577511998112,-0.48647965892927303,-3.040497868307476,-0.06684517087548958,0.05990285269204243,0,62.01593110114498
atr,eth_short_regime_challenge_v1_atr,20261007T203617Z-52e2dc923989,817d1c5f49c84d4e,ETHUSDT,1h,SHORT_ONLY,wf_2_train,6.943168384077181,11.020902196947839,1.274429829053678,7.503962769709796,63,279.52125271363894,4.6779629624750685,7.425338035674709,1.1783221093457141,8.039887993270483,63,551.7708184642537,-2.2652054216021122,-3.5955641612731295,-0.09610771970796383,0.5359252235606871,0,272.24956575061475
atr,eth_short_regime_challenge_v1_atr,20261007T203617Z-52e2dc923989,817d1c5f49c84d4e,ETHUSDT,1h,SHORT_ONLY,wf_3_test,2.559643985956628,18.283171328261503,1.4457672728952902,4.616852527400325,14,58.01174469494891,2.0583034925764077,14.702167804116952,1.3446944871945907,4.897239897260579,14,115.3722465121663,-0.5013404933802201,-3.581003524144551,-0.10107278570069944,0.2803873698602537,0,57.36050181721739
atr,eth_short_regime_challenge_v1_atr,20261007T203617Z-52e2dc923989,817d1c5f49c84d4e,ETHUSDT,1h,SHORT_ONLY,wf_3_train,6.335730648270799,9.05104378324404,1.2088638296649854,7.950719595419592,70,301.3827075672866,3.9578091867104037,5.654013123872056,1.1269124459176547,8.800971141049613,70,593.8402639474787,-2.377921461560395,-3.3970306593719846,-0.08195138374733069,0.8502515456300213,0,292.45755638019205
atr,eth_short_regime_challenge_v1_atr,20261007T203617Z-52e2dc923989,b189830689073f8b,ETHUSDT,1h,SHORT_ONLY,diagnostic_year_2023,-4.471899611143748,-9.51468002371029,0.6324603093495731,4.651720830650192,47,195.3124574434055,-5.944647642891376,-12.648186474237022,0.5449932640271856,6.101772654256137,47,387.2807642230703,-1.4727480317476287,-3.133506450526731,-0.08746704532238747,1.4500518236059445,0,191.96830677966483
atr,eth_short_regime_challenge_v1_atr,20261007T203617Z-52e2dc923989,b189830689073f8b,ETHUSDT,1h,SHORT_ONLY,diagnostic_year_2024,4.4275231758655,5.825688389296665,1.1409415750363108,6.859737269706663,76,331.5289397138976,2.710909536807682,3.614546049076918,1.0853581487601305,7.429807720290194,75,647.9607749541286,-1.716613639057818,-2.2111423402197468,-0.05558342627618029,0.5700704505835308,-1,316.431835240231
atr,eth_short_regime_challenge_v1_atr,20261007T203617Z-52e2dc923989,b189830689073f8b,ETHUSDT,1h,SHORT_ONLY,diagnostic_year_2025,9.913884009070472,14.796841804582824,1.3339626782595857,6.423823993594409,67,288.2781277259105,7.56103113628348,11.28512109893057,1.2482311817497969,7.025511910089405,67,567.7190269688205,-2.3528528727869915,-3.5117207056522535,-0.08573149650978884,0.6016879164949955,0,279.44089924290995
atr,eth_short_regime_challenge_v1_atr,20261007T203617Z-52e2dc923989,b189830689073f8b,ETHUSDT,1h,SHORT_ONLY,diagnostic_year_2026,-0.9874180933794219,-2.2441320304079,0.9432824524943914,6.451283492027403,44,186.68055243774612,-2.3725874395397306,-5.392244180771969,0.8694689217518482,6.749267729856847,44,369.88230261518885,-1.3851693461603087,-3.1481121503640686,-0.07381353074254315,0.2979842378294437,0,183.20175017744273
atr,eth_short_regime_challenge_v1_atr,20261007T203617Z-52e2dc923989,b189830689073f8b,ETHUSDT,1h,SHORT_ONLY,test,3.4964237546521337,4.600557571910769,1.1138496048610804,6.451282737027474,76,331.18289485121375,0.969323199840022,1.27542526294723,1.0304844532629553,6.749269247003633,76,652.4363420111289,-2.5271005548121117,-3.3251323089635387,-0.08336515159812508,0.29798650997615894,0,321.25344715991514
atr,eth_short_regime_challenge_v1_atr,20261007T203617Z-52e2dc923989,b189830689073f8b,ETHUSDT,1h,SHORT_ONLY,train,0.1757171973147731,0.21428926501787796,1.007207110812392,6.1732622577395135,82,340.28590663940315,-1.71345576197246,-2.115377483916623,0.9310739296607319,7.860089916489262,81,663.0997951330359,-1.889172959287233,-2.3296667489345007,-0.07613318115166001,1.6868276587497482,-1,322.8138884936327
atr,eth_short_regime_challenge_v1_atr,20261007T203617Z-52e2dc923989,b189830689073f8b,ETHUSDT,1h,SHORT_ONLY,validation,-0.20781435522947422,-0.5068642810475309,0.9881862328704496,6.859735441725072,41,171.77142430143823,-1.512360068237617,-3.6886830932627097,0.9170278358168944,7.429806823552071,41,340.0897175661724,-1.3045457130081428,-3.181818812215179,-0.0711583970535552,0.5700713818269989,0,168.31829326473417
atr,eth_short_regime_challenge_v1_atr,20261007T203617Z-52e2dc923989,b189830689073f8b,ETHUSDT,1h,SHORT_ONLY,wf_0_train,1.2062469730311998,1.6083292973748826,1.0541214963616279,5.089585573218368,75,313.7988060357129,-0.46681925981941763,-0.6308368375938541,0.9793951338784944,6.535275608800857,74,611.473093359467,-1.6730662328506174,-2.2391661349687366,-0.07472636248313347,1.4456900355824889,-1,297.67428732375413
atr,eth_short_regime_challenge_v1_atr,20261007T203617Z-52e2dc923989,b189830689073f8b,ETHUSDT,1h,SHORT_ONLY,wf_1_train,2.976622317708455,4.313945387983287,1.1111993603052266,5.136827351937649,69,295.5006353290014,1.5084431297298861,2.2182987201911457,1.055797584552825,5.52479920791119,68,576.8486345929066,-1.4681791879785688,-2.095646667792141,-0.05540177575240168,0.3879718559735412,-1,281.3479992639052
atr,eth_short_regime_challenge_v1_atr,20261007T203617Z-52e2dc923989,b189830689073f8b,ETHUSDT,1h,SHORT_ONLY,wf_2_train,4.4275231758655,5.825688389296665,1.1409415750363108,6.859737269706663,76,331.5289397138976,2.710909536807682,3.614546049076918,1.0853581487601305,7.429807720290194,75,647.9607749541286,-1.716613639057818,-2.2111423402197468,-0.05558342627618029,0.5700704505835308,-1,316.431835240231
atr,eth_short_regime_challenge_v1_atr,20261007T203617Z-52e2dc923989,b189830689073f8b,ETHUSDT,1h,SHORT_ONLY,wf_3_train,6.701962535343964,7.8846618062869975,1.1826650708541682,7.80716691922186,85,362.14168487885155,4.75366515390907,5.659125183224955,1.128395588902,8.861181194754087,84,708.3922656738591,-1.9482973814348936,-2.225536623062043,-0.054269481952168075,1.0540142755322268,-1,346.2505807950076
atr,eth_short_regime_challenge_v1_atr,20261007T203617Z-52e2dc923989,cf431489718e192b,ETHUSDT,1h,SHORT_ONLY,diagnostic_year_2023,-6.0049763991807055,-11.330144149397565,0.5715655431532584,6.181911769010464,53,218.63382228471946,-7.642554964442683,-14.41991502725039,0.49188065260521285,7.7968435215227085,53,433.13356888460675,-1.6375785652619772,-3.089770877852825,-0.0796848905480455,1.6149317525122449,0,214.4997465998873
atr,eth_short_regime_challenge_v1_atr,20261007T203617Z-52e2dc923989,cf431489718e192b,ETHUSDT,1h,SHORT_ONLY,diagnostic_year_2024,-0.2183589378527362,-0.23734667157896608,0.9942492820672406,6.01377088790267,92,383.59733188407336,-2.3325924228748796,-2.56328837678545,0.9394194418858244,6.776818119790834,91,749.6728667088066,-2.1142334850221434,-2.3259417052064837,-0.054829840181416234,0.763047231888164,-1,366.07553482473327
atr,eth_short_regime_challenge_v1_atr,20261007T203617Z-52e2dc923989,cf431489718e192b,ETHUSDT,1h,SHORT_ONLY,diagnostic_year_2025,9.131144892982856,11.413931116228593,1.2472627237224168,7.914793471413469,80,345.5809607328618,6.426170626992267,8.032713283740227,1.1700727514542846,8.631658228712478,80,679.7312236053178,-2.7049742659905895,-3.3812178324883657,-0.07718997226813218,0.7168647572990094,0,334.15026287245604
atr,eth_short_regime_challenge_v1_atr,20261007T203617Z-52e2dc923989,cf431489718e192b,ETHUSDT,1h,SHORT_ONLY,diagnostic_year_2026,-0.21750801403385145,-0.4182846423728369,0.9893307753977864,7.0984378493788345,52,221.10991572677315,-1.8754365996200617,-3.60660884542316,0.9117537862484736,7.479737176744254,52,437.3104599116237,-1.6579285855862103,-3.188324203050323,-0.07757698914931277,0.3812993273654195,0,216.20054418485054
atr,eth_short_regime_challenge_v1_atr,20261007T203617Z-52e2dc923989,cf431489718e192b,ETHUSDT,1h,SHORT_ONLY,test,4.048914176049068,4.498793528943378,1.109146970782384,7.098438640247423,90,391.46680397020737,1.0568511951348558,1.1742791057053754,1.0275805711653863,7.479737023898863,90,769.6198016045685,-2.992062980914212,-3.3245144232380026,-0.08156639961699774,0.38129838365144053,0,378.1529976343611
atr,eth_short_regime_challenge_v1_atr,20261007T203617Z-52e2dc923989,cf431489718e192b,ETHUSDT,1h,SHORT_ONLY,train,-5.691249672280064,-6.054520927957592,0.8033639844427031,10.227712969233485,94,379.4569590170347,-7.816917990221572,-8.405288161528572,0.7360909221179376,12.171831537310357,93,739.2949437836542,-2.125668317941509,-2.3507672335709806,-0.06727306232476549,1.9441185680768722,-1,359.83798476661946
atr,eth_short_regime_challenge_v1_atr,20261007T203617Z-52e2dc923989,cf431489718e192b,ETHUSDT,1h,SHORT_ONLY,validation,-0.341028601068194,-0.6686835315062819,0.9843940967114183,6.013766302959398,51,212.22067984303376,-1.9503536970715163,-3.8242229354343507,0.913723231100783,6.776819138075217,51,419.77906689041436,-1.6093250960033223,-3.155539403928069,-0.07067086561063529,0.7630528351158183,0,207.5583870473806
atr,eth_short_regime_challenge_v1_atr,20261007T203617Z-52e2dc923989,cf431489718e192b,ETHUSDT,1h,SHORT_ONLY,wf_0_train,-4.292961687398034,-4.991815915579243,0.8384172792855593,8.828049283422997,86,350.66066665809035,-6.196193390955685,-7.289639283477242,0.7715757104538585,10.529903770294222,85,683.365214734401,-1.9032317035576511,-2.2978233678979985,-0.06684156883170078,1.701854486871225,-1,332.70454807631063
atr,eth_short_regime_challenge_v1_atr,20261007T203617Z-52e2dc923989,cf431489718e192b,ETHUSDT,1h,SHORT_ONLY,wf_1_train,-1.5442324787873662,-1.8832103399846951,0.951266077326733,6.765682886417039,82,336.34307774157037,-3.3430927453423465,-4.1272749942498415,0.8959842036484413,7.400483032913001,81,656.9492796781776,-1.7988602665549802,-2.2440646542651463,-0.055281873678291626,0.6348001464959614,-1,320.60620193660725
atr,eth_short_regime_challenge_v1_atr,20261007T203617Z-52e2dc923989,cf431489718e192b,ETHUSDT,1h,SHORT_ONLY,wf_2_train,-0.2183589378527362,-0.23734667157896608,0.9942492820672406,6.01377088790267,92,383.59733188407336,-2.3325924228748796,-2.56328837678545,0.9394194418858244,6.776818119790834,91,749.6728667088066,-2.1142334850221434,-2.3259417052064837,-0.054829840181416234,0.763047231888164,-1,366.07553482473327
atr,eth_short_regime_challenge_v1_atr,20261007T203617Z-52e2dc923989,cf431489718e192b,ETHUSDT,1h,SHORT_ONLY,wf_3_train,7.644579508746618,7.721797483582413,1.1785947272964894,6.013764042088803,99,422.489017764766,5.282048397911798,5.3898453039916046,1.1223772772390002,6.77681739851814,98,826.1277208945818,-2.36253111083482,-2.3319521795908082,-0.05621745005748924,0.7630533564293369,-1,403.6387031298158
atr,eth_short_regime_challenge_v1_atr,20261007T203617Z-52e2dc923989,cfd1f51b4fb4e68c,ETHUSDT,1h,SHORT_ONLY,diagnostic_year_2023,-3.113755974493071,-9.435624165130408,0.6447124340350866,3.7161026623759827,33,138.6810190327273,-4.154976142105893,-12.590836794260117,0.5571809338554635,4.5336133791631585,33,275.5505099239542,-1.0412201676128219,-3.155212629129709,-0.08753150017962308,0.8175107167871758,0,136.86949089122692
atr,eth_short_regime_challenge_v1_atr,20261007T203617Z-52e2dc923989,cfd1f51b4fb4e68c,ETHUSDT,1h,SHORT_ONLY,diagnostic_year_2024,-0.0038873360276192592,-0.009718340069041176,0.9997795045089978,6.063573060457276,40,168.67613905585492,-1.4015037615762727,-3.5037594039407756,0.9235464726548934,6.91188810505389,40,334.1313996219123,-1.3976164255486534,-3.4940410638717343,-0.07623303185410435,0.8483150445966139,0,165.45526056605738
atr,eth_short_regime_challenge_v1_atr,20261007T203617Z-52e2dc923989,cfd1f51b4fb4e68c,ETHUSDT,1h,SHORT_ONLY,diagnostic_year_2025,13.787172859518847,36.28203384083881,1.9575485388618803,3.0999977316756646,38,162.0323820680062,12.4704508451013,32.81697590816137,1.8450769699416047,3.2855452601100588,38,320.8032609134501,-1.3167220144175467,-3.465057932677439,-0.11247156892027554,0.18554752843439415,0,158.77087884544392
atr,eth_short_regime_challenge_v1_atr,20261007T203617Z-52e2dc923989,cfd1f51b4fb4e68c,ETHUSDT,1h,SHORT_ONLY,diagnostic_year_2026,-0.06057500881222477,-0.23298080312407493,0.9936676511478029,4.31985445376883,26,112.0971182295379,-0.9270693662071561,-3.5656514084892326,0.9080181117728704,4.875910497131114,26,222.8024703488306,-0.8664943573949313,-3.332670605365158,-0.08564953937493247,0.5560560433622843,0,110.70535211929271
atr,eth_short_regime_challenge_v1_atr,20261007T203617Z-52e2dc923989,cfd1f51b4fb4e68c,ETHUSDT,1h,SHORT_ONLY,test,6.181074021125288,15.075790295427716,1.4237264254569788,4.3198534280801715,41,183.50367328687432,4.772687107599238,11.640700262437221,1.3130098400298975,4.875911224244871,41,363.83787673541667,-1.4083869135260496,-3.4350900329904945,-0.1107165854270813,0.5560577961646995,0,180.33420344854235
atr,eth_short_regime_challenge_v1_atr,20261007T203617Z-52e2dc923989,cfd1f51b4fb4e68c,ETHUSDT,1h,SHORT_ONLY,train,-0.8678972506962368,-1.6690331744157516,0.9460406561585407,4.079707336425015,52,217.31743318334543,-2.586172555859667,-4.973408761268491,0.8473467913289313,5.003109409080904,52,430.1581909962716,-1.7182753051634303,-3.304375586852739,-0.0986938648296094,0.9234020726558887,0,212.8407578129262
atr,eth_short_regime_challenge_v1_atr,20261007T203617Z-52e2dc923989,cfd1f51b4fb4e68c,ETHUSDT,1h,SHORT_ONLY,validation,-2.063668906609073,-9.82699479337656,0.7862935506802068,5.2514333512061,21,85.69197343600568,-2.793580341393731,-13.302763530446502,0.723297924579471,5.641687085990575,21,170.34701948112928,-0.729911434784658,-3.4757687370699415,-0.06299562610073584,0.39025373478447456,0,84.6550460451236
atr,eth_short_regime_challenge_v1_atr,20261007T203617Z-52e2dc923989,cfd1f51b4fb4e68c,ETHUSDT,1h,SHORT_ONLY,wf_0_train,-0.2610929586688515,-0.5439436638935579,0.982532001038247,4.079707495010379,48,201.5218323936294,-1.857072117328351,-3.8689002444340654,0.8819323701527123,4.682939786832361,48,399.1081252715906,-1.5959791586594996,-3.3249565805405075,-0.1005996308855347,0.6032322918219819,0,197.5862928779612
atr,eth_short_regime_challenge_v1_atr,20261007T203617Z-52e2dc923989,cfd1f51b4fb4e68c,ETHUSDT,1h,SHORT_ONLY,wf_1_train,-0.735861849458308,-1.8868252550215219,0.9558082601667774,5.567441960584504,39,162.55279246983926,-2.0610855317565457,-5.284834696811619,0.880969229778573,6.181958289726842,39,322.2035056745351,-1.3252236822982377,-3.398009441790097,-0.0748390303882045,0.6145163291423383,0,159.65071320469585
atr,eth_short_regime_challenge_v1_atr,20261007T203617Z-52e2dc923989,cfd1f51b4fb4e68c,ETHUSDT,1h,SHORT_ONLY,wf_2_train,-0.0038873360276192592,-0.009718340069041176,0.9997795045089978,6.063573060457276,40,168.67613905585492,-1.4015037615762727,-3.5037594039407756,0.9235464726548934,6.91188810505389,40,334.1313996219123,-1.3976164255486534,-3.4940410638717343,-0.07623303185410435,0.8483150445966139,0,165.45526056605738
atr,eth_short_regime_challenge_v1_atr,20261007T203617Z-52e2dc923989,cfd1f51b4fb4e68c,ETHUSDT,1h,SHORT_ONLY,wf_3_train,0.9143357998465662,1.9876865214056698,1.043892012118688,6.063568961146179,46,186.6200042051824,-0.5516187344468348,-1.1991711618410235,0.9743341129150417,6.911888111471039,46,369.2355686146704,-1.465954534293401,-3.1868576832466933,-0.06955789920364641,0.8483191503248602,0,182.615564409488
donchian,eth_short_regime_challenge_v1_donchian,20261007T203717Z-2caf5e37e706,30db84831e4aaa26,ETHUSDT,1h,SHORT_ONLY,diagnostic_year_2023,-9.38228147440755,-20.849514387572302,0.3008509645456765,9.552859436157384,45,182.91388334729265,-10.724065943158545,-23.831257651463616,0.25771850958069425,10.87320665447098,45,362.8313410387724,-1.341784468750994,-2.981743263891314,-0.04313245496498225,1.3203472183135965,0,179.91745769147974
donchian,eth_short_regime_challenge_v1_donchian,20261007T203717Z-2caf5e37e706,30db84831e4aaa26,ETHUSDT,1h,SHORT_ONLY,diagnostic_year_2024,0.9775128949648382,0.9399162451583556,1.0256341053053388,9.420559807697355,104,440.67339357945394,-1.5428024839766241,-1.4978664892977145,0.9602908006668182,10.500376104062612,103,862.6925376659573,-2.5203153789414623,-2.43778273445607,-0.06534330463852067,1.079816296365257,-1,422.01914408650333
donchian,eth_short_regime_challenge_v1_donchian,20261007T203717Z-2caf5e37e706,30db84831e4aaa26,ETHUSDT,1h,SHORT_ONLY,diagnostic_year_2025,-0.13482059939160518,-0.13757204019546904,0.9969202907774979,9.944697854177468,98,412.57718670574417,-2.3638016356393954,-2.4369089027209276,0.9466195717883144,10.656608416453405,97,804.2968503195148,-2.22898103624779,-2.2993368625254584,-0.050300718989183535,0.7119105622759374,-1,391.7196636137706
donchian,eth_short_regime_challenge_v1_donchian,20261007T203717Z-2caf5e37e706,30db84831e4aaa26,ETHUSDT,1h,SHORT_ONLY,diagnostic_year_2026,1.7184067602255215,2.4202912115852775,1.0727416041809161,7.398930648790573,71,310.2355850243674,-0.8917105519208213,-1.255930354818099,0.9640506388784508,8.512931716937667,71,612.5797946645372,-2.610117312146343,-3.6762215664033766,-0.10869096530246536,1.1140010681470933,0,302.34420964016977
donchian,eth_short_regime_challenge_v1_donchian,20261007T203717Z-2caf5e37e706,30db84831e4aaa26,ETHUSDT,1h,SHORT_ONLY,test,0.9400056374494925,0.7966149469911142,1.0214815892369873,7.398931823766035,118,507.71479425675386,-2.3713281918756324,-2.0267762323723915,0.9471989260582204,8.512933132194783,117,993.5627049509842,-3.311333829325125,-2.823391179363506,-0.07428266317876686,1.1140013084287483,-1,485.84791069423034
donchian,eth_short_regime_challenge_v1_donchian,20261007T203717Z-2caf5e37e706,30db84831e4aaa26,ETHUSDT,1h,SHORT_ONLY,train,-11.00037393753711,-12.222637708374457,0.6138423805599607,11.78783296643504,90,354.05953048514135,-12.837754325534023,-14.424443062397703,0.5616795717059292,13.46386740997951,89,690.5927047247421,-1.8373803879969124,-2.2018053540232465,-0.05216280885403146,1.67603444354447,-1,336.5331742396008
donchian,eth_short_regime_challenge_v1_donchian,20261007T203717Z-2caf5e37e706,30db84831e4aaa26,ETHUSDT,1h,SHORT_ONLY,validation,2.813369213074557,4.768422395041518,1.1284812860609967,9.420560999397901,59,256.3859235391805,0.8447948329920463,1.4318556491389813,1.0371048960979177,10.500380366739618,59,507.5770749755381,-1.9685743800825106,-3.3365667459025365,-0.09137638996307906,1.0798193673417167,0,251.1911514363576
donchian,eth_short_regime_challenge_v1_donchian,20261007T203717Z-2caf5e37e706,30db84831e4aaa26,ETHUSDT,1h,SHORT_ONLY,wf_0_train,-9.181451546474095,-11.06198981502894,0.6521582279503895,10.217762977523897,83,331.001630474183,-10.844476883086262,-13.224971808641829,0.5994560259750411,11.713802915133579,82,645.7345067961663,-1.6630253366121668,-2.1629819936128882,-0.05270220197534836,1.496039937609682,-1,314.7328763219833
donchian,eth_short_regime_challenge_v1_donchian,20261007T203717Z-2caf5e37e706,30db84831e4aaa26,ETHUSDT,1h,SHORT_ONLY,wf_1_train,-1.568114520734365,-1.6001168578923162,0.9529024912653518,6.564654737223252,98,400.98604489096937,-3.8990213286649866,-4.0196096171805165,0.8854956860922337,7.361536969629808,97,783.8652637729035,-2.3309068079306217,-2.4194927592882003,-0.06740680517311803,0.7968822324065554,-1,382.87921888193415
donchian,eth_short_regime_challenge_v1_donchian,20261007T203717Z-2caf5e37e706,30db84831e4aaa26,ETHUSDT,1h,SHORT_ONLY,wf_2_train,0.9775128949648382,0.9399162451583556,1.0256341053053388,9.420559807697355,104,440.67339357945394,-1.5428024839766241,-1.4978664892977145,0.9602908006668182,10.500376104062612,103,862.6925376659573,-2.5203153789414623,-2.43778273445607,-0.06534330463852067,1.079816296365257,-1,422.01914408650333
donchian,eth_short_regime_challenge_v1_donchian,20261007T203717Z-2caf5e37e706,30db84831e4aaa26,ETHUSDT,1h,SHORT_ONLY,wf_3_train,2.2052970948602812,1.8531908360170113,1.0464511123367162,9.420557653201355,119,506.57483137772124,-0.7551649560490259,-0.6399703017364482,0.9843112064074404,10.50037686311483,118,990.6418033315493,-2.960462050909307,-2.4931611377534595,-0.06213990592927576,1.0798192099134756,-1,484.0669719538281
donchian,eth_short_regime_challenge_v1_donchian,20261007T203717Z-2caf5e37e706,41d7ee3faad0311a,ETHUSDT,1h,SHORT_ONLY,diagnostic_year_2023,-7.344702032802342,-19.850546034600896,0.34752973445639795,7.597099664673629,37,152.21980370632076,-8.4681503476569,-22.886892831504962,0.30020418516956604,8.656208317486398,37,302.29463881948374,-1.1234483148545582,-3.0363467969040663,-0.047325549286831914,1.0591086528127684,0,150.07483511316298
donchian,eth_short_regime_challenge_v1_donchian,20261007T203717Z-2caf5e37e706,41d7ee3faad0311a,ETHUSDT,1h,SHORT_ONLY,diagnostic_year_2024,0.34719330313932595,0.3693545778077551,1.0098523394954904,8.878695577624438,94,394.7015651824423,-1.8277770504445456,-1.96535166714457,0.9490148972743455,9.842986413524146,93,773.2821656940572,-2.1749703535838716,-2.3347062449523253,-0.060837442221144844,0.9642908358997087,-1,378.5806005116149
donchian,eth_short_regime_challenge_v1_donchian,20261007T203717Z-2caf5e37e706,41d7ee3faad0311a,ETHUSDT,1h,SHORT_ONLY,diagnostic_year_2025,1.8083570448612862,1.94446994071115,1.0434728915865323,7.9922755016631655,93,396.36781994078234,-0.29415215050019317,-0.3197305983699433,0.9930031656012561,8.602887786008134,92,772.8726204275604,-2.1025091953614794,-2.2642005390810933,-0.050469725985276215,0.6106122843449686,-1,376.50480048677804
donchian,eth_short_regime_challenge_v1_donchian,20261007T203717Z-2caf5e37e706,41d7ee3faad0311a,ETHUSDT,1h,SHORT_ONLY,diagnostic_year_2026,2.9132395365539354,4.551936775865609,1.1332628727838774,6.698396885275673,64,280.3238178870739,0.5453938635516353,0.8521779117993322,1.0238592333211098,7.330448779407912,64,554.0568375165874,-2.3678456730023,-3.6997588640662764,-0.10940363946276754,0.6320518941322391,0,273.7330196295135
donchian,eth_short_regime_challenge_v1_donchian,20261007T203717Z-2caf5e37e706,41d7ee3faad0311a,ETHUSDT,1h,SHORT_ONLY,test,2.1532341943719224,1.9398506255603187,1.0512048996692003,6.6983957751439425,111,478.1149552356725,-0.9289484989859376,-0.844498635441968,0.9784147228304961,7.330449264973808,110,936.0773777840711,-3.08218269335786,-2.7843492610022866,-0.07279017683870415,0.6320534898298655,-1,457.96242254839865
donchian,eth_short_regime_challenge_v1_donchian,20261007T203717Z-2caf5e37e706,41d7ee3faad0311a,ETHUSDT,1h,SHORT_ONLY,train,-9.588146209377557,-12.452137934256568,0.6211967685020285,11.068661500665257,77,306.56746074878964,-11.06451860261175,-14.558577108699717,0.5730206703722142,12.563252056138166,76,598.1409656788442,-1.4763723932341932,-2.1064391744431497,-0.04817609812981438,1.494590555472909,-1,291.5735049300545
donchian,eth_short_regime_challenge_v1_donchian,20261007T203717Z-2caf5e37e706,41d7ee3faad0311a,ETHUSDT,1h,SHORT_ONLY,validation,2.837170302818559,5.2540190792934665,1.1379364905430849,8.878699398691165,54,233.77941141283623,1.0382510657010346,1.922687158705686,1.0485963556684232,9.842986633776395,54,463.20451275990746,-1.7989192371175244,-3.3313319205877807,-0.08934013487466164,0.9642872350852301,0,229.42510134707123
donchian,eth_short_regime_challenge_v1_donchian,20261007T203717Z-2caf5e37e706,41d7ee3faad0311a,ETHUSDT,1h,SHORT_ONLY,wf_0_train,-8.556604609629193,-11.88417306892947,0.640970011630354,10.210874143420753,72,288.54365586663175,-9.897073973385828,-13.939540807585713,0.5934941994339306,11.61056137742475,71,562.9195159804517,-1.3404693637566343,-2.0553677386562423,-0.047475812196423495,1.3996872340039967,-1,274.37586011381995
donchian,eth_short_regime_challenge_v1_donchian,20261007T203717Z-2caf5e37e706,41d7ee3faad0311a,ETHUSDT,1h,SHORT_ONLY,wf_1_train,-1.1393491774958964,-1.309596755742495,0.9623810079389303,7.1111041227838125,87,356.24509415023954,-3.1215490628684117,-3.629708212637737,0.8989275047315913,7.927453388391374,86,696.8910988641398,-1.9821998853725153,-2.3201114568952423,-0.063453503207339,0.8163492656075615,-1,340.6460047139003
donchian,eth_short_regime_challenge_v1_donchian,20261007T203717Z-2caf5e37e706,41d7ee3faad0311a,ETHUSDT,1h,SHORT_ONLY,wf_2_train,0.34719330313932595,0.3693545778077551,1.0098523394954904,8.878695577624438,94,394.7015651824423,-1.8277770504445456,-1.96535166714457,0.9490148972743455,9.842986413524146,93,773.2821656940572,-2.1749703535838716,-2.3347062449523253,-0.060837442221144844,0.9642908358997087,-1,378.5806005116149
donchian,eth_short_regime_challenge_v1_donchian,20261007T203717Z-2caf5e37e706,41d7ee3faad0311a,ETHUSDT,1h,SHORT_ONLY,wf_3_train,5.029813751506085,4.65723495509816,1.116520896212826,8.87869844836748,108,464.27690753537246,2.3691677214118245,2.2141754405716987,1.054209778490734,9.842988040276476,107,908.6417728623405,-2.6606460300942603,-2.4430595145264618,-0.06231111772209186,0.9642895919089955,-1,444.3648653269681
donchian,eth_short_regime_challenge_v1_donchian,20261007T203717Z-2caf5e37e706,b5bd78a75b1c644c,ETHUSDT,1h,SHORT_ONLY,diagnostic_year_2023,-7.233689597640291,-21.275557640118723,0.30695176799869156,7.486389632896579,34,140.31981449668066,-8.265683519341781,-24.31083388041678,0.2638744371795093,8.454157470065748,34,278.77504881933544,-1.0319939217014902,-3.0352762402980566,-0.04307733081918225,0.9677678371691698,0,138.45523432265477
donchian,eth_short_regime_challenge_v1_donchian,20261007T203717Z-2caf5e37e706,b5bd78a75b1c644c,ETHUSDT,1h,SHORT_ONLY,diagnostic_year_2024,1.4016893978591627,1.6111372389184793,1.0424373023284261,8.324270319356415,87,370.0007313186008,-0.5607770240137699,-0.6520663069927436,0.9832778613733756,9.171509732248325,86,725.0996767995351,-1.9624664218729326,-2.2632035459112227,-0.059159440955050546,0.8472394128919092,-1,355.09894548093433
donchian,eth_short_regime_challenge_v1_donchian,20261007T203717Z-2caf5e37e706,b5bd78a75b1c644c,ETHUSDT,1h,SHORT_ONLY,diagnostic_year_2025,2.5344986302665795,3.053612807550105,1.0660936235375056,6.322552889256386,83,356.28726021063676,0.7216801432699427,0.8800977356949848,1.018663409063487,7.12110033156695,82,694.61263705776,-1.8128184869966368,-2.17351507185512,-0.04743021447401863,0.7985474423105643,-1,338.32537684712327
donchian,eth_short_regime_challenge_v1_donchian,20261007T203717Z-2caf5e37e706,b5bd78a75b1c644c,ETHUSDT,1h,SHORT_ONLY,diagnostic_year_2026,0.2330357990376397,0.40883473515364527,1.011356970874998,8.813500456445771,57,242.65122484785232,-1.3111202139283296,-2.3002109016287577,0.9384901393415024,9.463890233381528,57,482.1586128795126,-1.5441560129659693,-2.709045636782403,-0.07286683153349571,0.6503897769357572,0,239.50738803166027
donchian,eth_short_regime_challenge_v1_donchian,20261007T203717Z-2caf5e37e706,b5bd78a75b1c644c,ETHUSDT,1h,SHORT_ONLY,test,-0.8518339450468537,-0.8692183112721963,0.9781582329829779,8.813500922101106,98,414.2577676553616,-2.899319673207623,-2.9889893538222894,0.9270065669541065,9.463889569073464,97,813.6860434146531,-2.0474857281607695,-2.1197710425500933,-0.051151666028871334,0.6503886469723579,-1,399.4282757592915
donchian,eth_short_regime_challenge_v1_donchian,20261007T203717Z-2caf5e37e706,b5bd78a75b1c644c,ETHUSDT,1h,SHORT_ONLY,train,-7.986133337780698,-11.248075123634786,0.6545563009589711,9.990238661828043,71,284.27743255344467,-9.303825771674678,-13.291179673820741,0.6059651099176206,11.352615721162111,70,554.4912398746419,-1.3176924338939795,-2.043104550185955,-0.04859119104135046,1.3623770593340687,-1,270.21380732119724
donchian,eth_short_regime_challenge_v1_donchian,20261007T203717Z-2caf5e37e706,b5bd78a75b1c644c,ETHUSDT,1h,SHORT_ONLY,validation,2.2309041712565314,4.4618083425130965,1.1142989529239893,8.324270150258554,50,216.57428599916085,0.5774474197459023,1.1548948394915948,1.0284940722390299,9.1715097331893,50,429.39961528308385,-1.653456751510629,-3.3069135030215016,-0.0858048806849594,0.8472395829307455,0,212.825329283923
donchian,eth_short_regime_challenge_v1_donchian,20261007T203717Z-2caf5e37e706,b5bd78a75b1c644c,ETHUSDT,1h,SHORT_ONLY,wf_0_test,4.950144601595596,16.50048200531864,1.4898428231462606,5.577967980166394,30,129.4022817313589,3.882576876244981,12.941922920816484,1.367729884290434,5.914145703787791,30,257.18336534768616,-1.0675677253506155,-3.558559084502157,-0.12211293885582664,0.33617772362139675,0,127.78108361632727
donchian,eth_short_regime_challenge_v1_donchian,20261007T203717Z-2caf5e37e706,b5bd78a75b1c644c,ETHUSDT,1h,SHORT_ONLY,wf_0_train,-6.93630598543794,-10.509554523390838,0.6790877487357221,9.122048137027837,66,265.9993276212076,-8.113276675908965,-12.481964116783086,0.6314607472942303,10.386738201639178,65,518.6967803913982,-1.176970690471025,-1.972409593392248,-0.04762700144149179,1.2646900646113401,-1,252.69745277019058
donchian,eth_short_regime_challenge_v1_donchian,20261007T203717Z-2caf5e37e706,b5bd78a75b1c644c,ETHUSDT,1h,SHORT_ONLY,wf_1_test,-2.3139285851183744,-11.569642925591562,0.734327337120792,5.280014033526433,20,83.27248156646952,-2.9144612257593017,-14.572306128796786,0.6795307980184967,5.642967626980655,20,166.19030641339765,-0.6005326406409273,-3.0026632032052234,-0.054796539102295316,0.36295359345422185,0,82.91782484692813
donchian,eth_short_regime_challenge_v1_donchian,20261007T203717Z-2caf5e37e706,b5bd78a75b1c644c,ETHUSDT,1h,SHORT_ONLY,wf_1_train,1.22455064055631,1.5903255072160027,1.0459852089334052,6.17060508246077,77,318.20018075450656,-0.4677917456241798,-0.6155154547687525,0.982706728452998,6.868805642458377,76,622.5123355381526,-1.6923423861804898,-2.205840961984755,-0.06327848048040718,0.6982005599976073,-1,304.312154783646
donchian,eth_short_regime_challenge_v1_donchian,20261007T203717Z-2caf5e37e706,b5bd78a75b1c644c,ETHUSDT,1h,SHORT_ONLY,wf_2_test,2.5098917812507393,8.96389921875273,1.1954267277831896,6.322552889256386,28,116.48078549391921,1.679076009516689,5.996700033987999,1.1277764804701262,6.537430951885276,28,230.1984334690447,-0.8308157717340503,-2.9671991847647305,-0.06765024731306335,0.2148780626288902,0,113.71764797512547
donchian,eth_short_regime_challenge_v1_donchian,20261007T203717Z-2caf5e37e706,b5bd78a75b1c644c,ETHUSDT,1h,SHORT_ONLY,wf_2_train,1.4016893978591627,1.6111372389184793,1.0424373023284261,8.324270319356415,87,370.0007313186008,-0.5607770240137699,-0.6520663069927436,0.9832778613733756,9.171509732248325,86,725.0996767995351,-1.9624664218729326,-2.2632035459112227,-0.059159440955050546,0.8472394128919092,-1,355.09894548093433
donchian,eth_short_regime_challenge_v1_donchian,20261007T203717Z-2caf5e37e706,b5bd78a75b1c644c,ETHUSDT,1h,SHORT_ONLY,wf_3_test,1.1184598811849744,7.98899915132097,1.1874348677546729,4.901605430668001,14,57.753367927044984,0.6786390656990715,4.847421897850455,1.1089137484359612,5.213395410637745,14,115.15582436807777,-0.4398208154859029,-3.1415772534705146,-0.07852111931871164,0.31178997996974456,0,57.40245644103279
donchian,eth_short_regime_challenge_v1_donchian,20261007T203717Z-2caf5e37e706,b5bd78a75b1c644c,ETHUSDT,1h,SHORT_ONLY,wf_3_train,5.468145502962551,5.360926963688708,1.1325788991549361,8.324269357240532,102,439.6646142600564,3.0048863477145193,2.9751349977370753,1.0720471734698633,9.171510113032426,101,860.7488522635775,-2.463259155248032,-2.3857919659516322,-0.06053172568507281,0.8472407557918942,-1,421.08423800352114
donchian_atr,eth_short_regime_challenge_v1_donchian_atr,20261007T203647Z-194d4424b93c,4c4aa07c4c65af74,ETHUSDT,1h,SHORT_ONLY,diagnostic_year_2023,-5.713035276487699,-21.973212601875566,0.3464548851378017,5.969877649613205,26,108.07050962773104,-6.508698107307554,-25.033454258875096,0.3024378543775045,6.700781895600216,26,214.92172187004542,-0.7956628308198548,-3.06024165699953,-0.04401703076029723,0.730904245987011,0,106.85121224231438
donchian_atr,eth_short_regime_challenge_v1_donchian_atr,20261007T203647Z-194d4424b93c,4c4aa07c4c65af74,ETHUSDT,1h,SHORT_ONLY,diagnostic_year_2024,-0.3212640530898314,-0.7139201179774252,0.9834853780277156,4.7810550476646805,45,186.0194399933492,-2.25572762980335,-5.126653704098582,0.8871871279272862,4.944552979099098,44,357.968093157913,-1.9344635767135188,-4.412733586121157,-0.09629825010042947,0.16349793143441715,-1,171.9486531645638
donchian_atr,eth_short_regime_challenge_v1_donchian_atr,20261007T203647Z-194d4424b93c,4c4aa07c4c65af74,ETHUSDT,1h,SHORT_ONLY,diagnostic_year_2025,13.258108446133043,29.462463213628975,1.6689670319711738,3.959615763647047,45,196.24309232855845,11.801865705567472,26.22636823459455,1.5851691813540838,4.071558379358536,45,387.7241489601476,-1.4562427405655711,-3.2360949790344264,-0.08379785061709,0.11194261571148933,0,191.48105663158915
donchian_atr,eth_short_regime_challenge_v1_donchian_atr,20261007T203647Z-194d4424b93c,4c4aa07c4c65af74,ETHUSDT,1h,SHORT_ONLY,diagnostic_year_2026,1.8869157904603417,6.7389849659297045,1.1819580973015107,5.039680932802043,28,122.21929687992665,1.623949196530683,6.014626653817253,1.1582792033594547,5.126705247289736,27,235.29327676380183,-0.2629665939296588,-0.7243583121124519,-0.023678893942056023,0.08702431448769232,-1,113.07397988387518
donchian_atr,eth_short_regime_challenge_v1_donchian_atr,20261007T203647Z-194d4424b93c,4c4aa07c4c65af74,ETHUSDT,1h,SHORT_ONLY,test,5.94517596628954,11.89035193257911,1.2972344929791908,5.0396802334688635,50,221.4191343481935,4.968343187007163,10.139475891851353,1.2472239440371118,5.126705800522021,49,430.4950700877055,-0.9768327792823772,-1.750876040727757,-0.050010548942079014,0.08702556705315789,-1,209.07593573951203
donchian_atr,eth_short_regime_challenge_v1_donchian_atr,20261007T203647Z-194d4424b93c,4c4aa07c4c65af74,ETHUSDT,1h,SHORT_ONLY,train,-6.802999514086039,-15.117776697968917,0.5870815020361595,8.64515541533224,45,182.7583587590049,-8.633762814136347,-19.6221882139462,0.49957498221689345,10.15881611522214,44,353.6500401873136,-1.8307633000503074,-4.5044115159772815,-0.08750651981926605,1.5136606998898987,-1,170.89168142830871
donchian_atr,eth_short_regime_challenge_v1_donchian_atr,20261007T203647Z-194d4424b93c,4c4aa07c4c65af74,ETHUSDT,1h,SHORT_ONLY,validation,0.8445079687169788,3.248107571988264,1.0741936130204321,4.03925400367514,26,108.05523630167183,0.017681670750779865,0.06800642596474223,1.001499778094394,4.4718126449555164,26,214.4563484363697,-0.8268262979661989,-3.180101146023522,-0.0726938349260382,0.4325586412803766,0,106.40111213469787
donchian_atr,eth_short_regime_challenge_v1_donchian_atr,20261007T203647Z-194d4424b93c,4c4aa07c4c65af74,ETHUSDT,1h,SHORT_ONLY,wf_0_train,-6.094369012977873,-14.864314665799606,0.599468700191433,8.111069033926603,41,166.98511995785069,-7.814159195013204,-19.535397987532996,0.5091225289398037,9.552512562365038,40,322.4787131292011,-1.7197901820353305,-4.67108332173339,-0.09034617125162925,1.4414435284384357,-1,155.4935931713504
donchian_atr,eth_short_regime_challenge_v1_donchian_atr,20261007T203647Z-194d4424b93c,4c4aa07c4c65af74,ETHUSDT,1h,SHORT_ONLY,wf_1_train,-1.958997124536288,-4.353326943413946,0.893280229076545,5.459973616463911,45,183.4309960887295,-3.9291439328241307,-8.929872574600337,0.7933921358687133,6.469547438593406,44,353.819703435297,-1.9701468082878426,-4.576545631186391,-0.09988809320783176,1.0095738221294956,-1,170.38870734656751
donchian_atr,eth_short_regime_challenge_v1_donchian_atr,20261007T203647Z-194d4424b93c,4c4aa07c4c65af74,ETHUSDT,1h,SHORT_ONLY,wf_2_train,-0.3212640530898314,-0.7139201179774252,0.9834853780277156,4.7810550476646805,45,186.0194399933492,-2.25572762980335,-5.126653704098582,0.8871871279272862,4.944552979099098,44,357.968093157913,-1.9344635767135188,-4.412733586121157,-0.09629825010042947,0.16349793143441715,-1,171.9486531645638
donchian_atr,eth_short_regime_challenge_v1_donchian_atr,20261007T203647Z-194d4424b93c,4c4aa07c4c65af74,ETHUSDT,1h,SHORT_ONLY,wf_3_train,5.200661108841431,10.001271363156404,1.2258555172194512,4.039253990664102,52,214.01951176265226,3.5773739514812997,6.879565291309944,1.151818476313372,4.471811765178307,52,422.20986102222105,-1.6232871573601315,-3.12170607184646,-0.0740370409060791,0.43255777451420485,0,208.1903492595688
donchian_atr,eth_short_regime_challenge_v1_donchian_atr,20261007T203647Z-194d4424b93c,6719be4e317770b6,ETHUSDT,1h,SHORT_ONLY,diagnostic_year_2023,-6.011683524737532,-22.265494536065162,0.33444791382064104,6.267712365207324,27,112.01378511821551,-6.836529060400065,-25.320478001481735,0.29159745485329674,7.027939299281015,27,222.73650176790557,-0.8248455356625328,-3.054983465416573,-0.042850458967344296,0.7602269340736907,0,110.72271664969006
donchian_atr,eth_short_regime_challenge_v1_donchian_atr,20261007T203647Z-194d4424b93c,6719be4e317770b6,ETHUSDT,1h,SHORT_ONLY,diagnostic_year_2024,-0.3212640530898314,-0.7139201179774252,0.9834853780277156,4.7810550476646805,45,186.0194399933492,-2.25572762980335,-5.126653704098582,0.8871871279272862,4.944552979099098,44,357.968093157913,-1.9344635767135188,-4.412733586121157,-0.09629825010042947,0.16349793143441715,-1,171.9486531645638
donchian_atr,eth_short_regime_challenge_v1_donchian_atr,20261007T203647Z-194d4424b93c,6719be4e317770b6,ETHUSDT,1h,SHORT_ONLY,diagnostic_year_2025,12.580988761045964,27.349975567491214,1.6171248270433987,3.9596124722677857,46,200.08847105624153,11.09531909241861,24.120258896562206,1.5343705446578766,4.07155867983635,46,395.3023308512876,-1.485669668627354,-3.229716670929008,-0.08275428238552207,0.11194620756856466,0,195.21385979504606
donchian_atr,eth_short_regime_challenge_v1_donchian_atr,20261007T203647Z-194d4424b93c,6719be4e317770b6,ETHUSDT,1h,SHORT_ONLY,diagnostic_year_2026,1.0583366865037247,3.5277889550124684,1.0945058579219435,5.811930592865839,30,130.9246091765245,0.7287497499110618,2.512930172107005,1.0653280891258474,5.962438572289335,29,252.65042484596108,-0.3295869365926629,-1.0148587829054634,-0.029177768796096126,0.15050797942349536,-1,121.72581566943657
donchian_atr,eth_short_regime_challenge_v1_donchian_atr,20261007T203647Z-194d4424b93c,6719be4e317770b6,ETHUSDT,1h,SHORT_ONLY,test,5.083593588693258,9.776141516717855,1.2436629687311889,5.81193000638711,52,230.47118977343865,4.0436830761628295,7.928790345417406,1.1923622414734616,5.962439204205143,51,448.4234351015417,-1.0399105125304287,-1.8473511713004491,-0.051300727257727274,0.1505091978180335,-1,217.95224532810306
donchian_atr,eth_short_regime_challenge_v1_donchian_atr,20261007T203647Z-194d4424b93c,6719be4e317770b6,ETHUSDT,1h,SHORT_ONLY,train,-7.098193110290119,-15.430854587587426,0.5760228904332436,8.934515288614314,46,186.46505479476195,-8.954140423196533,-19.89808982932574,0.48964929542031843,10.47384671280122,45,360.9783810367858,-1.8559473129064141,-4.467235241738315,-0.08637359501292519,1.5393314241869067,-1,174.51332624202382
donchian_atr,eth_short_regime_challenge_v1_donchian_atr,20261007T203647Z-194d4424b93c,6719be4e317770b6,ETHUSDT,1h,SHORT_ONLY,validation,0.8445079687169788,3.248107571988264,1.0741936130204321,4.03925400367514,26,108.05523630167183,0.017681670750779865,0.06800642596474223,1.001499778094394,4.4718126449555164,26,214.4563484363697,-0.8268262979661989,-3.180101146023522,-0.0726938349260382,0.4325586412803766,0,106.40111213469787
donchian_atr,eth_short_regime_challenge_v1_donchian_atr,20261007T203647Z-194d4424b93c,6719be4e317770b6,ETHUSDT,1h,SHORT_ONLY,wf_0_train,-6.391809359374112,-15.218593712795347,0.5872060039091602,8.40212053709878,42,170.71999936761722,-8.13741563050735,-19.847355196359462,0.4981115240526106,9.869673048590974,41,329.87279872841697,-1.745606271133238,-4.628761483564116,-0.08909447985654961,1.467552511492194,-1,159.15279936079975
donchian_atr,eth_short_regime_challenge_v1_donchian_atr,20261007T203647Z-194d4424b93c,6719be4e317770b6,ETHUSDT,1h,SHORT_ONLY,wf_1_train,-1.958997124536288,-4.353326943413946,0.893280229076545,5.459973616463911,45,183.4309960887295,-3.9291439328241307,-8.929872574600337,0.7933921358687133,6.469547438593406,44,353.819703435297,-1.9701468082878426,-4.576545631186391,-0.09988809320783176,1.0095738221294956,-1,170.38870734656751
donchian_atr,eth_short_regime_challenge_v1_donchian_atr,20261007T203647Z-194d4424b93c,6719be4e317770b6,ETHUSDT,1h,SHORT_ONLY,wf_2_train,-0.3212640530898314,-0.7139201179774252,0.9834853780277156,4.7810550476646805,45,186.0194399933492,-2.25572762980335,-5.126653704098582,0.8871871279272862,4.944552979099098,44,357.968093157913,-1.9344635767135188,-4.412733586121157,-0.09629825010042947,0.16349793143441715,-1,171.9486531645638
donchian_atr,eth_short_regime_challenge_v1_donchian_atr,20261007T203647Z-194d4424b93c,6719be4e317770b6,ETHUSDT,1h,SHORT_ONLY,wf_3_train,5.200661108841431,10.001271363156404,1.2258555172194512,4.039253990664102,52,214.01951176265226,3.5773739514812997,6.879565291309944,1.151818476313372,4.471811765178307,52,422.20986102222105,-1.6232871573601315,-3.12170607184646,-0.0740370409060791,0.43255777451420485,0,208.1903492595688
donchian_atr,eth_short_regime_challenge_v1_donchian_atr,20261007T203647Z-194d4424b93c,827790540ac7604f,ETHUSDT,1h,SHORT_ONLY,diagnostic_year_2023,-6.3753840593465565,-21.98408296326393,0.31195704644950506,6.63042216150285,29,120.31004488516226,-7.259927116193321,-25.034231435149273,0.26994386115080704,7.450467457010325,29,239.17620832100945,-0.8845430568467645,-3.0501484718853433,-0.04201318529869802,0.8200452955074757,0,118.8661634358472
donchian_atr,eth_short_regime_challenge_v1_donchian_atr,20261007T203647Z-194d4424b93c,827790540ac7604f,ETHUSDT,1h,SHORT_ONLY,diagnostic_year_2024,1.7660928452460034,2.9434880754100456,1.07285197254125,4.795218307272091,60,251.84500903091742,0.14215598833322574,0.24509653160909614,1.0058649170508618,5.352986237095085,58,481.0475891260036,-1.6239368569127777,-2.6983915438009496,-0.06698705549038819,0.5577679298229947,-2,229.20258009508615
donchian_atr,eth_short_regime_challenge_v1_donchian_atr,20261007T203647Z-194d4424b93c,827790540ac7604f,ETHUSDT,1h,SHORT_ONLY,diagnostic_year_2025,9.555912364397411,15.926520607329058,1.3398837279548923,4.888838275326219,60,261.9216241613495,7.621897736484895,12.703162894141453,1.2655083328442431,5.31219736569923,60,516.6911815655494,-1.934014627912516,-3.223357713187605,-0.07437539511064917,0.4233590903730109,0,254.76955740419993
donchian_atr,eth_short_regime_challenge_v1_donchian_atr,20261007T203647Z-194d4424b93c,827790540ac7604f,ETHUSDT,1h,SHORT_ONLY,diagnostic_year_2026,-0.6296043459579792,-1.8517774881116835,0.9533551546292024,5.798336690665844,34,142.87959485052747,-1.054463890139301,-3.1953451216341686,0.9219573014135903,6.120658212346217,33,276.34115950438684,-0.4248595441813219,-1.343567633522485,-0.03139785321561206,0.3223215216803732,-1,133.46156465385937
donchian_atr,eth_short_regime_challenge_v1_donchian_atr,20261007T203647Z-194d4424b93c,827790540ac7604f,ETHUSDT,1h,SHORT_ONLY,test,1.9073274989861666,3.0275039666448467,1.0713816670128105,6.389644163755859,63,270.48604339172437,0.5572479320443025,0.8987869871682406,1.0206144697383173,6.585817829749835,62,527.0434847606089,-1.3500795669418642,-2.1287169794766063,-0.05076719727449319,0.19617366599397545,-1,256.5574413688845
donchian_atr,eth_short_regime_challenge_v1_donchian_atr,20261007T203647Z-194d4424b93c,827790540ac7604f,ETHUSDT,1h,SHORT_ONLY,train,-7.2232330743122635,-12.898630489843402,0.6351177296885511,8.67790844764158,56,226.22997167849758,-8.605071935096753,-15.93531839832724,0.5694866340289972,10.384096857549887,54,431.5163871068054,-1.3818388607844891,-3.036687908483838,-0.06563109565955383,1.7061884099083073,-2,205.2864154283078
donchian_atr,eth_short_regime_challenge_v1_donchian_atr,20261007T203647Z-194d4424b93c,827790540ac7604f,ETHUSDT,1h,SHORT_ONLY,validation,2.6960981807225615,8.169994487038165,1.205592138278561,4.795217504205716,33,139.98008675243267,1.616038120550778,4.897085213790476,1.1187749802816582,5.352987162363256,33,277.6780836556208,-1.0800600601717836,-3.2729092732476897,-0.08681715799690282,0.5577696581575395,0,137.69799690318814
donchian_atr,eth_short_regime_challenge_v1_donchian_atr,20261007T203647Z-194d4424b93c,827790540ac7604f,ETHUSDT,1h,SHORT_ONLY,wf_0_train,-6.517801109794085,-12.5342329034501,0.6488560292159496,8.14401323768934,52,210.78725387758854,-7.785214721268529,-15.57042944253709,0.5831961505111475,9.779316408466263,50,401.0435724717495,-1.2674136114744439,-3.0361965390869905,-0.06565987870480217,1.6353031707769237,-2,190.25631859416094
donchian_atr,eth_short_regime_challenge_v1_donchian_atr,20261007T203647Z-194d4424b93c,827790540ac7604f,ETHUSDT,1h,SHORT_ONLY,wf_1_test,-0.7440430582587587,-6.2003588188229655,0.8636605449370462,3.5310884301924803,12,50.048064318010944,-1.0863101460332647,-9.052584550277189,0.808091492194012,3.7370452125697917,12,99.480429555409,-0.342267087774506,-2.852225731454223,-0.05556905274303425,0.2059567823773114,0,49.43236523739806
donchian_atr,eth_short_regime_challenge_v1_donchian_atr,20261007T203647Z-194d4424b93c,827790540ac7604f,ETHUSDT,1h,SHORT_ONLY,wf_1_train,0.33481574252349766,0.6087558954973546,1.0160825410383623,5.02232924765772,55,225.40626886514858,-1.1689529092860917,-2.2055715269549565,0.9439383065980989,6.1637457189311,53,429.6218339296761,-1.5037686518095894,-2.814327422452311,-0.07214423444026341,1.1414164712733799,-2,204.2155650645275
donchian_atr,eth_short_regime_challenge_v1_donchian_atr,20261007T203647Z-194d4424b93c,827790540ac7604f,ETHUSDT,1h,SHORT_ONLY,wf_2_test,4.453556453119623,22.267782265598026,1.4791245056765294,4.888838275326219,20,82.44108027423475,3.888679561847086,19.443397809235435,1.413111022926208,4.90099285489523,20,162.62526596456473,-0.5648768912725366,-2.8243844563625906,-0.06601348275032137,0.012154579569010338,0,80.18418569032998
donchian_atr,eth_short_regime_challenge_v1_donchian_atr,20261007T203647Z-194d4424b93c,827790540ac7604f,ETHUSDT,1h,SHORT_ONLY,wf_2_train,1.7660928452460034,2.9434880754100456,1.07285197254125,4.795218307272091,60,251.84500903091742,0.14215598833322574,0.24509653160909614,1.0058649170508618,5.352986237095085,58,481.0475891260036,-1.6239368569127777,-2.6983915438009496,-0.06698705549038819,0.5577679298229947,-2,229.20258009508615
donchian_atr,eth_short_regime_challenge_v1_donchian_atr,20261007T203647Z-194d4424b93c,827790540ac7604f,ETHUSDT,1h,SHORT_ONLY,wf_3_test,2.2737573967714697,20.670521788831163,1.4690955502747867,3.815088626729274,11,45.05082376923099,1.9330991397949138,17.5736285435899,1.3855454142001842,4.032350180254146,11,89.8524549044411,-0.34065825697655594,-3.0968932452412616,-0.08355013607460249,0.21726155352487186,0,44.801631135210116
donchian_atr,eth_short_regime_challenge_v1_donchian_atr,20261007T203647Z-194d4424b93c,827790540ac7604f,ETHUSDT,1h,SHORT_ONLY,wf_3_train,7.2877603063610685,10.7172945681781,1.25010430760363,4.888837667148476,68,287.8179037151379,5.991266549991714,8.942188880584714,1.2054176515785675,5.352985511270284,67,562.3046495977001,-1.2964937563693546,-1.7751056875933848,-0.0446866560250625,0.46414784412180854,-1,274.48674588256216
donchian_atr,eth_short_regime_challenge_v1_donchian_atr,20261007T203647Z-194d4424b93c,db2f1a56c8656a10,ETHUSDT,1h,SHORT_ONLY,diagnostic_year_2023,-5.7119902801752716,-23.79995950073012,0.2876262286260941,5.968835499922612,24,100.0239931093101,-6.444629999957597,-26.85262499982316,0.24894201841235986,6.636845420225847,24,198.96159583696485,-0.7326397197823251,-3.052665499093038,-0.03868421021373425,0.668009920303235,0,98.93760272765475
donchian_atr,eth_short_regime_challenge_v1_donchian_atr,20261007T203647Z-194d4424b93c,db2f1a56c8656a10,ETHUSDT,1h,SHORT_ONLY,diagnostic_year_2024,-0.3212640530898314,-0.7139201179774252,0.9834853780277156,4.7810550476646805,45,186.0194399933492,-2.25572762980335,-5.126653704098582,0.8871871279272862,4.944552979099098,44,357.968093157913,-1.9344635767135188,-4.412733586121157,-0.09629825010042947,0.16349793143441715,-1,171.9486531645638
donchian_atr,eth_short_regime_challenge_v1_donchian_atr,20261007T203647Z-194d4424b93c,db2f1a56c8656a10,ETHUSDT,1h,SHORT_ONLY,diagnostic_year_2025,13.387561257568347,29.750136127929718,1.6751161712878357,3.9596139771447243,45,196.3301867487376,11.929790234979487,26.51064496662103,1.5911772054175877,4.071559324358239,45,387.8959733875328,-1.4577710225888598,-3.2394911613086883,-0.08393896587024807,0.11194534721351435,0,191.56578663879523
donchian_atr,eth_short_regime_challenge_v1_donchian_atr,20261007T203647Z-194d4424b93c,db2f1a56c8656a10,ETHUSDT,1h,SHORT_ONLY,diagnostic_year_2026,0.3929615174889989,1.5718460699562318,1.040119365206605,4.466465889633637,25,107.72522100234221,0.23359524035413415,0.9733135014754595,1.0242072906658541,4.521252000914563,24,206.38129380322582,-0.15936627713486473,-0.5985325684807723,-0.01591207454075083,0.05478611128092581,-1,98.6560728008836
donchian_atr,eth_short_regime_challenge_v1_donchian_atr,20261007T203647Z-194d4424b93c,db2f1a56c8656a10,ETHUSDT,1h,SHORT_ONLY,test,4.470911408047895,9.512577463931558,1.2302763910321255,4.46646482633151,47,206.4593899614888,3.6108566318927116,7.8496883302013885,1.1853805391238537,4.521252310987371,46,400.84619127120106,-0.8600547761551836,-1.6628891337301699,-0.04489585190827183,0.054787484655860474,-1,194.38680130971227
donchian_atr,eth_short_regime_challenge_v1_donchian_atr,20261007T203647Z-194d4424b93c,db2f1a56c8656a10,ETHUSDT,1h,SHORT_ONLY,train,-6.801966375259494,-15.8185264540917,0.5681875662208974,8.644143353877082,43,174.71267760453316,-8.571149346587504,-20.407498444255893,0.48080040573809535,10.097249550704241,42,337.78500211410665,-1.7691829713280098,-4.588971990164193,-0.08738716048280204,1.453106196827159,-1,163.0723245095735
donchian_atr,eth_short_regime_challenge_v1_donchian_atr,20261007T203647Z-194d4424b93c,db2f1a56c8656a10,ETHUSDT,1h,SHORT_ONLY,validation,0.8445079687169788,3.248107571988264,1.0741936130204321,4.03925400367514,26,108.05523630167183,0.017681670750779865,0.06800642596474223,1.001499778094394,4.4718126449555164,26,214.4563484363697,-0.8268262979661989,-3.180101146023522,-0.0726938349260382,0.4325586412803766,0,106.40111213469787
donchian_atr,eth_short_regime_challenge_v1_donchian_atr,20261007T203647Z-194d4424b93c,db2f1a56c8656a10,ETHUSDT,1h,SHORT_ONLY,wf_0_train,-6.093328813801946,-15.623920035389633,0.5793915492262584,8.110051157340447,39,158.8782432180785,-7.750990085290088,-20.397342329710607,0.48897749549426306,9.490533502825112,38,306.4713448863191,-1.6576612714881414,-4.773422294320975,-0.09041405373199529,1.3804823454846655,-1,147.59310166824062
donchian_atr,eth_short_regime_challenge_v1_donchian_atr,20261007T203647Z-194d4424b93c,db2f1a56c8656a10,ETHUSDT,1h,SHORT_ONLY,wf_1_train,-1.957906926967734,-4.553271923180867,0.8887874116561879,5.289064227536504,43,175.07263830853753,-3.8633109632514206,-9.198359436312954,0.7882471187615122,6.289159379477393,42,337.3380725593405,-1.9054040362836866,-4.645087513132086,-0.1005402928946757,1.0000951519408892,-1,162.26543425080297
donchian_atr,eth_short_regime_challenge_v1_donchian_atr,20261007T203647Z-194d4424b93c,db2f1a56c8656a10,ETHUSDT,1h,SHORT_ONLY,wf_2_train,-0.3212640530898314,-0.7139201179774252,0.9834853780277156,4.7810550476646805,45,186.0194399933492,-2.25572762980335,-5.126653704098582,0.8871871279272862,4.944552979099098,44,357.968093157913,-1.9344635767135188,-4.412733586121157,-0.09629825010042947,0.16349793143441715,-1,171.9486531645638
donchian_atr,eth_short_regime_challenge_v1_donchian_atr,20261007T203647Z-194d4424b93c,db2f1a56c8656a10,ETHUSDT,1h,SHORT_ONLY,wf_3_train,5.24106645589999,10.07897395365357,1.227594054212838,4.039253990664102,52,214.02517147419047,3.6171987382529025,6.956151419716895,1.1534980531702559,4.471811765178307,52,422.22072962039795,-1.6238677176470873,-3.1228225339366746,-0.07409600104258218,0.43255777451420485,0,208.19555814620747
donchian_atr,eth_short_regime_challenge_v1_donchian_atr,20261007T203647Z-194d4424b93c,e0dd4c731d1d27f0,ETHUSDT,1h,SHORT_ONLY,diagnostic_year_2023,-6.376422506601442,-20.569104860004597,0.3613511624768943,6.6314577799758565,31,128.29995783273154,-7.323435594401473,-23.623985788391668,0.31477937816495366,7.5138454530363274,31,254.99723587017343,-0.9470130878000305,-3.054880928387071,-0.046571784311940645,0.882387673060471,0,126.69727803744189
donchian_atr,eth_short_regime_challenge_v1_donchian_atr,20261007T203647Z-194d4424b93c,e0dd4c731d1d27f0,ETHUSDT,1h,SHORT_ONLY,diagnostic_year_2024,1.1911527662878507,1.952709452930866,1.048056748015009,5.333089439899605,61,255.8967060819789,-0.4577419843514563,-0.7758338717820447,0.981547932392109,5.919965044172517,59,489.0155826762571,-1.648894750639307,-2.7285433247129105,-0.0665088156228999,0.5868756042729117,-2,233.11887659427822
donchian_atr,eth_short_regime_challenge_v1_donchian_atr,20261007T203647Z-194d4424b93c,e0dd4c731d1d27f0,ETHUSDT,1h,SHORT_ONLY,diagnostic_year_2025,9.029878052693373,14.803078774907233,1.3175914281267438,5.074155315836116,61,265.77812032996263,7.068524119842334,11.587744458757824,1.2433250909864741,5.691282410463828,61,524.2538962237926,-1.961353932851039,-3.2153343161494092,-0.07426633714026964,0.6171270946277128,0,258.47577589382996
donchian_atr,eth_short_regime_challenge_v1_donchian_atr,20261007T203647Z-194d4424b93c,e0dd4c731d1d27f0,ETHUSDT,1h,SHORT_ONLY,diagnostic_year_2026,1.504234781514091,4.178429948650254,1.111491800894722,4.851674297475456,36,153.81716349571965,1.0043830695576128,2.8696659130217532,1.0743504209990995,5.057156774096412,35,298.11207629234593,-0.49985171195647826,-1.3087640356285006,-0.037141379895622606,0.20548247662095598,-1,144.29491279662628
donchian_atr,eth_short_regime_challenge_v1_donchian_atr,20261007T203647Z-194d4424b93c,e0dd4c731d1d27f0,ETHUSDT,1h,SHORT_ONLY,test,4.016734424838164,6.1795914228280475,1.1504456720477512,4.8516745175923885,65,281.55357686293394,2.5717358973046833,4.0183373395384905,1.0951998283587583,5.057157800458803,64,548.8805352924016,-1.444998527533481,-2.161254083289557,-0.05524584368899288,0.20548328286641482,-1,267.3269584294677
donchian_atr,eth_short_regime_challenge_v1_donchian_atr,20261007T203647Z-194d4424b93c,e0dd4c731d1d27f0,ETHUSDT,1h,SHORT_ONLY,train,-7.22426423471858,-12.45562799089422,0.6478411689414839,8.678922979613949,58,234.21872589151337,-8.667656290178893,-15.47795766103371,0.5817659918027002,10.445464241529006,56,447.2057135214488,-1.443392055460313,-3.0223296701394897,-0.06607517713878375,1.766541261915057,-2,212.9869876299354
donchian_atr,eth_short_regime_challenge_v1_donchian_atr,20261007T203647Z-194d4424b93c,e0dd4c731d1d27f0,ETHUSDT,1h,SHORT_ONLY,validation,2.1159040341452107,6.223247159250735,1.1548642622001584,5.333087622203574,34,144.06879341760225,1.0073122897933828,2.9626832052747147,1.0710226528270617,5.919966294790722,34,285.763370170434,-1.1085917443518278,-3.2605639539760203,-0.0838416093730967,0.5868786725871482,0,141.69457675283172
donchian_atr,eth_short_regime_challenge_v1_donchian_atr,20261007T203647Z-194d4424b93c,e0dd4c731d1d27f0,ETHUSDT,1h,SHORT_ONLY,wf_0_test,3.174008630909131,14.42731195867807,1.4092427609585079,3.7059341760335727,22,92.55380293529716,2.39837130099283,10.90168773178572,1.2953353138300585,3.885022275729017,22,184.12951723621052,-0.7756373299163011,-3.525624226892349,-0.11390744712844936,0.17908809969544448,0,91.57571430091336
donchian_atr,eth_short_regime_challenge_v1_donchian_atr,20261007T203647Z-194d4424b93c,e0dd4c731d1d27f0,ETHUSDT,1h,SHORT_ONLY,wf_0_train,-6.518834946145324,-12.07191656693557,0.6619779158734485,8.145030907464774,54,218.83673723054295,-7.848362107534701,-15.093004052951397,0.5958922119770109,9.841097897083701,52,416.8736255469028,-1.329527161389377,-3.0210874860158263,-0.06608570389643753,1.6960669896189273,-2,198.03688831635986
donchian_atr,eth_short_regime_challenge_v1_donchian_atr,20261007T203647Z-194d4424b93c,e0dd4c731d1d27f0,ETHUSDT,1h,SHORT_ONLY,wf_1_train,-0.23313956365696997,-0.40196476492569916,0.989465228387926,5.023380872560785,58,237.96850723315828,-1.8282687524047492,-3.2647656292943106,0.9176739077334712,6.228005045385894,56,454.31451521283697,-1.5951291887477792,-2.8628008643686114,-0.07179132065445482,1.2046241728251088,-2,216.3460079796787
donchian_atr,eth_short_regime_challenge_v1_donchian_atr,20261007T203647Z-194d4424b93c,e0dd4c731d1d27f0,ETHUSDT,1h,SHORT_ONLY,wf_2_train,1.1911527662878507,1.952709452930866,1.048056748015009,5.333089439899605,61,255.8967060819789,-0.4577419843514563,-0.7758338717820447,0.981547932392109,5.919965044172517,59,489.0155826762571,-1.648894750639307,-2.7285433247129105,-0.0665088156228999,0.5868756042729117,-2,233.11887659427822
donchian_atr,eth_short_regime_challenge_v1_donchian_atr,20261007T203647Z-194d4424b93c,e0dd4c731d1d27f0,ETHUSDT,1h,SHORT_ONLY,wf_3_train,6.640669854267078,9.62415920908265,1.2241039710972794,5.33308783626354,69,291.4211296459511,5.315840064675914,7.817411859817618,1.1790684273303016,5.919963014711528,68,569.4135069389195,-1.3248297895911643,-1.8067473492650326,-0.045035543766977826,0.586875178447988,-1,277.99237729296834
donchian_atr,eth_short_regime_challenge_v1_donchian_atr,20261007T203647Z-194d4424b93c,ff43266d9f6c730a,ETHUSDT,1h,SHORT_ONLY,diagnostic_year_2023,-7.092726908633507,-21.493111844344032,0.3355693772261435,7.2676147068866035,33,135.87659574488634,-8.095186529880882,-24.53086827236632,0.2919757384453408,8.248718939244903,33,269.98194060728,-1.0024596212473753,-3.0377564280222877,-0.04359363878080269,0.981104232358299,0,134.10534486239368
donchian_atr,eth_short_regime_challenge_v1_donchian_atr,20261007T203647Z-194d4424b93c,ff43266d9f6c730a,ETHUSDT,1h,SHORT_ONLY,diagnostic_year_2024,0.9193499878156208,1.482822560992997,1.0367791282209595,5.333088564371793,62,259.6000131920923,-0.7588448143481363,-1.2647413572467352,0.9696957598936174,5.9199644861686505,60,496.23402065890156,-1.6781948021637572,-2.7475639182397322,-0.06708336832734207,0.5868759217968575,-2,236.63400746680924
donchian_atr,eth_short_regime_challenge_v1_donchian_atr,20261007T203647Z-194d4424b93c,ff43266d9f6c730a,ETHUSDT,1h,SHORT_ONLY,diagnostic_year_2025,7.850136695580567,12.460534437429617,1.2661827866551,5.641677043174243,63,273.98923230724864,5.837461312388781,9.265811606966272,1.1935598958282216,6.287283041772869,63,540.3574329459229,-2.0126753831917865,-3.194722830463345,-0.07262289082687845,0.6456059985986258,0,266.3682006386743
donchian_atr,eth_short_regime_challenge_v1_donchian_atr,20261007T203647Z-194d4424b93c,ff43266d9f6c730a,ETHUSDT,1h,SHORT_ONLY,diagnostic_year_2026,0.6787679859564744,1.786231541990802,1.0474087596508075,5.625452688981934,38,162.49515828834413,0.11464121926574311,0.309841133150607,1.007962016131292,5.893502865588419,37,315.374113543512,-0.5641267666907313,-1.476390408840195,-0.03944674351951538,0.26805017660648556,-1,152.87895525516788
donchian_atr,eth_short_regime_challenge_v1_donchian_atr,20261007T203647Z-194d4424b93c,ff43266d9f6c730a,ETHUSDT,1h,SHORT_ONLY,test,2.6683040533952873,3.9239765491107903,1.0953903197802872,5.62545322192316,68,294.0285499220095,1.1383787881736884,1.6990728181697263,1.0401252475794698,5.893503219509158,67,573.4459986362846,-1.5299252652215989,-2.224903730941064,-0.055265072200817444,0.26804999758599823,-1,279.41744871427505
donchian_atr,eth_short_regime_challenge_v1_donchian_atr,20261007T203647Z-194d4424b93c,ff43266d9f6c730a,ETHUSDT,1h,SHORT_ONLY,train,-8.18138091330911,-13.412099857883707,0.6168569569616714,9.544756663307579,61,244.78188905533764,-9.702188534255562,-16.444387346195814,0.5516620587058368,11.425786687813646,59,468.0067482882071,-1.5208076209464512,-3.0322874883121074,-0.06519489825583458,1.8810300245060674,-2,223.22485923286948
donchian_atr,eth_short_regime_challenge_v1_donchian_atr,20261007T203647Z-194d4424b93c,ff43266d9f6c730a,ETHUSDT,1h,SHORT_ONLY,validation,2.1159040341452107,6.223247159250735,1.1548642622001584,5.333087622203574,34,144.06879341760225,1.0073122897933828,2.9626832052747147,1.0710226528270617,5.919966294790722,34,285.763370170434,-1.1085917443518278,-3.2605639539760203,-0.0838416093730967,0.5868786725871482,0,141.69457675283172
donchian_atr,eth_short_regime_challenge_v1_donchian_atr,20261007T203647Z-194d4424b93c,ff43266d9f6c730a,ETHUSDT,1h,SHORT_ONLY,wf_0_train,-7.065232657416853,-12.616486888244284,0.6426773309422542,8.681925575989252,56,226.25412803208425,-8.449268654157226,-15.646793803994717,0.5767165742572856,10.429008762879322,54,431.46387965612934,-1.3840359967403728,-3.030306915750433,-0.06596075668496859,1.7470831868900696,-2,205.20975162404508
donchian_atr,eth_short_regime_challenge_v1_donchian_atr,20261007T203647Z-194d4424b93c,ff43266d9f6c730a,ETHUSDT,1h,SHORT_ONLY,wf_1_train,-0.5011264229338619,-0.8493668185322061,0.9775791136172828,5.278499715736644,59,241.71599845023835,-2.1252304692375934,-3.728474507434478,0.9053461989919548,6.511654472019784,57,461.6315238632251,-1.6241040463037315,-2.8791076889022715,-0.07223291462532799,1.23315475628314,-2,219.91552541298674
donchian_atr,eth_short_regime_challenge_v1_donchian_atr,20261007T203647Z-194d4424b93c,ff43266d9f6c730a,ETHUSDT,1h,SHORT_ONLY,wf_2_train,0.9193499878156208,1.482822560992997,1.0367791282209595,5.333088564371793,62,259.6000131920923,-0.7588448143481363,-1.2647413572467352,0.9696957598936174,5.9199644861686505,60,496.23402065890156,-1.6781948021637572,-2.7475639182397322,-0.06708336832734207,0.5868759217968575,-2,236.63400746680924
donchian_atr,eth_short_regime_challenge_v1_donchian_atr,20261007T203647Z-194d4424b93c,ff43266d9f6c730a,ETHUSDT,1h,SHORT_ONLY,wf_3_train,6.640669854267078,9.62415920908265,1.2241039710972794,5.33308783626354,69,291.4211296459511,5.315840064675914,7.817411859817618,1.1790684273303016,5.919963014711528,68,569.4135069389195,-1.3248297895911643,-1.8067473492650326,-0.045035543766977826,0.586875178447988,-1,277.99237729296834
