family,symbol,timeframe,mode,parameter,value_a,value_b,configuration_a,configuration_b,period,scenario,expectancy_a,expectancy_b,profit_factor_a,profit_factor_b,return_pct_a,return_pct_b,max_drawdown_pct_a,max_drawdown_pct_b,closed_trades_a,closed_trades_b,both_positive_expectancy
atr,ETHUSDT,1h,SHORT_ONLY,impulse_atr_multiplier,0.75,1.0,cf431489718e192b,b189830689073f8b,train,base,-6.054520927957592,0.21428926501787796,0.8033639844427031,1.007207110812392,-5.691249672280064,0.1757171973147731,10.227712969233485,6.1732622577395135,94,82,False
atr,ETHUSDT,1h,SHORT_ONLY,atr_expansion_threshold,1.1,1.25,cf431489718e192b,143528a8db38d8af,train,base,-6.054520927957592,-7.500699024021723,0.8033639844427031,0.7684916773131504,-5.691249672280064,-5.4005032972958,10.227712969233485,9.278280512759345,94,72,False
atr,ETHUSDT,1h,SHORT_ONLY,impulse_atr_multiplier,1.0,1.25,b189830689073f8b,817d1c5f49c84d4e,train,base,0.21428926501787796,3.8778711088730593,1.007207110812392,1.1355326219384285,0.1757171973147731,2.63695235403385,6.1732622577395135,5.173794882623349,82,68,True
atr,ETHUSDT,1h,SHORT_ONLY,atr_expansion_threshold,1.1,1.25,b189830689073f8b,49c4a234fbe24bab,train,base,0.21428926501787796,-6.013528462019915,1.007207110812392,0.8161493361685519,0.1757171973147731,-3.9087935003129126,6.1732622577395135,5.9537995273919915,82,65,False
atr,ETHUSDT,1h,SHORT_ONLY,atr_expansion_threshold,1.1,1.25,817d1c5f49c84d4e,cfd1f51b4fb4e68c,train,base,3.8778711088730593,-1.6690331744157516,1.1355326219384285,0.9460406561585407,2.63695235403385,-0.8678972506962368,5.173794882623349,4.079707336425015,68,52,False
atr,ETHUSDT,1h,SHORT_ONLY,impulse_atr_multiplier,0.75,1.0,143528a8db38d8af,49c4a234fbe24bab,train,base,-7.500699024021723,-6.013528462019915,0.7684916773131504,0.8161493361685519,-5.4005032972958,-3.9087935003129126,9.278280512759345,5.9537995273919915,72,65,False
atr,ETHUSDT,1h,SHORT_ONLY,impulse_atr_multiplier,1.0,1.25,49c4a234fbe24bab,cfd1f51b4fb4e68c,train,base,-6.013528462019915,-1.6690331744157516,0.8161493361685519,0.9460406561585407,-3.9087935003129126,-0.8678972506962368,5.9537995273919915,4.079707336425015,65,52,False
donchian,ETHUSDT,1h,SHORT_ONLY,breakout_length,30.0,40.0,30db84831e4aaa26,41d7ee3faad0311a,train,base,-12.222637708374457,-12.452137934256568,0.6138423805599607,0.6211967685020285,-11.00037393753711,-9.588146209377557,11.78783296643504,11.068661500665257,90,77,False
donchian,ETHUSDT,1h,SHORT_ONLY,breakout_length,40.0,50.0,41d7ee3faad0311a,b5bd78a75b1c644c,train,base,-12.452137934256568,-11.248075123634786,0.6211967685020285,0.6545563009589711,-9.588146209377557,-7.986133337780698,11.068661500665257,9.990238661828043,77,71,False
donchian_atr,ETHUSDT,1h,SHORT_ONLY,breakout_length,30.0,40.0,ff43266d9f6c730a,e0dd4c731d1d27f0,train,base,-13.412099857883707,-12.45562799089422,0.6168569569616714,0.6478411689414839,-8.18138091330911,-7.22426423471858,9.544756663307579,8.678922979613949,61,58,False
donchian_atr,ETHUSDT,1h,SHORT_ONLY,atr_expansion_threshold,1.1,1.25,ff43266d9f6c730a,6719be4e317770b6,train,base,-13.412099857883707,-15.430854587587426,0.6168569569616714,0.5760228904332436,-8.18138091330911,-7.098193110290119,9.544756663307579,8.934515288614314,61,46,False
donchian_atr,ETHUSDT,1h,SHORT_ONLY,breakout_length,40.0,50.0,e0dd4c731d1d27f0,827790540ac7604f,train,base,-12.45562799089422,-12.898630489843402,0.6478411689414839,0.6351177296885511,-7.22426423471858,-7.2232330743122635,8.678922979613949,8.67790844764158,58,56,False
donchian_atr,ETHUSDT,1h,SHORT_ONLY,atr_expansion_threshold,1.1,1.25,e0dd4c731d1d27f0,4c4aa07c4c65af74,train,base,-12.45562799089422,-15.117776697968917,0.6478411689414839,0.5870815020361595,-7.22426423471858,-6.802999514086039,8.678922979613949,8.64515541533224,58,45,False
donchian_atr,ETHUSDT,1h,SHORT_ONLY,atr_expansion_threshold,1.1,1.25,827790540ac7604f,db2f1a56c8656a10,train,base,-12.898630489843402,-15.8185264540917,0.6351177296885511,0.5681875662208974,-7.2232330743122635,-6.801966375259494,8.67790844764158,8.644143353877082,56,43,False
donchian_atr,ETHUSDT,1h,SHORT_ONLY,breakout_length,30.0,40.0,6719be4e317770b6,4c4aa07c4c65af74,train,base,-15.430854587587426,-15.117776697968917,0.5760228904332436,0.5870815020361595,-7.098193110290119,-6.802999514086039,8.934515288614314,8.64515541533224,46,45,False
donchian_atr,ETHUSDT,1h,SHORT_ONLY,breakout_length,40.0,50.0,4c4aa07c4c65af74,db2f1a56c8656a10,train,base,-15.117776697968917,-15.8185264540917,0.5870815020361595,0.5681875662208974,-6.802999514086039,-6.801966375259494,8.64515541533224,8.644143353877082,45,43,False
