family,symbol,timeframe,mode,period,scenario,median_return_pct,median_max_drawdown_pct,median_expectancy,median_profit_factor,median_closed_trades,median_sharpe,median_sortino,median_average_close_exposure_pct,median_total_modeled_costs,configurations
atr,ETHUSDT,1h,SHORT_ONLY,diagnostic_year_2023,adverse,-5.991929676526169,6.1670163710918775,-13.922796434447678,0.5042292806070081,40.5,-3.247672442421144,-3.8957965593204893,4.5623200999861435,334.19752322710883,6
atr,ETHUSDT,1h,SHORT_ONLY,diagnostic_year_2023,base,-4.648190262130491,4.867732291547133,-10.808340769486016,0.5865378230718927,40.5,-2.4693430593949577,-3.1654671408720354,4.597170128436975,168.3770041438074,6
atr,ETHUSDT,1h,SHORT_ONLY,diagnostic_year_2024,adverse,-1.867048092225576,7.170847912672042,-3.0335238903631128,0.9314829572703589,64.0,-0.22588325999341585,-0.3713371236014982,4.217775081239995,539.6003203604741,6
atr,ETHUSDT,1h,SHORT_ONLY,diagnostic_year_2024,base,-0.11112313694017772,6.46165516508197,-0.12353250582400363,0.9970143932881192,64.0,0.022670264569515153,0.038954429444477114,4.203316683925083,273.49224626150675,6
atr,ETHUSDT,1h,SHORT_ONLY,diagnostic_year_2025,adverse,8.488639648986195,5.226068851243703,16.93780301670204,1.3899012630424794,56.0,1.1411623670334436,2.267556938531076,3.4100074369019455,478.12587111041785,6
atr,ETHUSDT,1h,SHORT_ONLY,diagnostic_year_2025,base,10.557842561126218,4.839128393676047,20.392954631195927,1.4818970058120375,56.0,1.31546962753748,2.6950872243861883,3.4380877547438287,242.32019532591622,6
atr,ETHUSDT,1h,SHORT_ONLY,diagnostic_year_2026,adverse,-1.7474694924549117,6.0307606366018955,-3.7312834528183467,0.9065702232306426,39.0,-0.28408940053645876,-0.43859732179725686,3.835170840876284,330.5279973760435,6
atr,ETHUSDT,1h,SHORT_ONLY,diagnostic_year_2026,base,-0.1918524825789525,5.71590108017573,-0.40699583442927817,0.9895668269666926,39.0,0.0026942101962269685,0.004256513018308743,4.221531838786362,166.81347044714983,6
atr,ETHUSDT,1h,SHORT_ONLY,test,adverse,2.5175492781544517,6.297489538514464,3.9943941730207166,1.0946589857465767,64.0,0.29519020522807965,0.5223203122369144,3.770582386020539,561.4451356787274,6
atr,ETHUSDT,1h,SHORT_ONLY,test,base,5.0055574436366985,5.994574543191472,7.485686229597926,1.1840814629074328,64.0,0.5089662014204416,0.933371852620227,3.905161557474967,284.57834711957696,6
atr,ETHUSDT,1h,SHORT_ONLY,train,adverse,-4.2718208170586855,7.57505423411026,-6.689348461398532,0.7917188567234344,70.0,-0.8214846804167637,-1.3106277891235398,4.265045887217235,568.6485438523121,6
atr,ETHUSDT,1h,SHORT_ONLY,train,base,-2.3883453755045747,6.063530892565753,-3.8412808182178333,0.8810949961635464,70.0,-0.43812650695508637,-0.7164486633090117,4.29881580664919,288.06759745674105,6
atr,ETHUSDT,1h,SHORT_ONLY,validation,adverse,-2.3719670192326237,7.103312980813644,-6.009699589938785,0.870977281434477,34.5,-0.5104145368952805,-0.7471596318321311,4.457265123243721,281.8133933970319,6
atr,ETHUSDT,1h,SHORT_ONLY,validation,base,-1.0722186685579616,6.436750872342236,-2.9106399601069826,0.9364250402509895,34.5,-0.2087148405388347,-0.308341323706107,4.465538927869168,142.171074511175,6
atr,ETHUSDT,1h,SHORT_ONLY,wf_0_test,adverse,-0.4596125690740305,6.317907909845031,-2.188631281304783,0.9519958413396946,21.0,-0.18420970671939052,-0.28327983299137954,3.4623258125531,174.78120279322198,1
atr,ETHUSDT,1h,SHORT_ONLY,wf_0_test,base,0.2199812761669362,6.047004341057952,1.0475298865091434,1.023838881851137,21.0,0.14651812023445715,0.23412701527172353,3.5364430539351557,87.98348766103327,1
atr,ETHUSDT,1h,SHORT_ONLY,wf_0_train,adverse,-3.2296960489926363,6.225290121288731,-5.579269763955653,0.8291836908407856,65.0,-0.6439394586661963,-1.0429260062811028,4.367965721643547,533.2354025904942,6
atr,ETHUSDT,1h,SHORT_ONLY,wf_0_train,base,-1.4752882466895545,5.097442305304951,-2.5132081108720272,0.9227748709761225,65.0,-0.272589749874618,-0.44583645841677305,4.36797561761305,269.93134896545155,6
atr,ETHUSDT,1h,SHORT_ONLY,wf_1_test,adverse,-0.46156825704236626,2.743049095123669,-3.550525054171875,0.9143756401280146,13.0,-0.2943779825785172,-0.4883529445517111,2.793283393859597,110.01470064283392,1
atr,ETHUSDT,1h,SHORT_ONLY,wf_1_test,base,0.005977998696260478,2.510958981709904,0.04598460535549483,1.0011733367168536,13.0,0.03224549601972776,0.056417661578252946,2.7957368237072675,55.209790262584356,1
atr,ETHUSDT,1h,SHORT_ONLY,wf_1_train,adverse,-2.702089138549446,6.772022277027137,-4.70605484553073,0.8884767167135071,58.5,-0.3837783413000162,-0.6305446658058028,3.6332905854825484,484.2910932775434,6
atr,ETHUSDT,1h,SHORT_ONLY,wf_1_train,base,-1.1400471641228371,5.937470369132951,-1.8850177975031084,0.9535371687467552,58.5,-0.13566182737135352,-0.22820666221129332,3.6135574902403045,245.13398947361713,6
atr,ETHUSDT,1h,SHORT_ONLY,wf_2_test,adverse,1.6893116591657709,2.1991036579949284,10.55819786978617,1.212169176266095,16.0,0.8333084989427528,1.5482805408614952,4.033235211131484,125.52577511998112,1
atr,ETHUSDT,1h,SHORT_ONLY,wf_2_test,base,2.175791318095044,2.139200805302886,13.598695738093646,1.2790143471415847,16.0,1.0397843038365375,1.99332323670946,4.0024904246705155,63.50984401883614,1
atr,ETHUSDT,1h,SHORT_ONLY,wf_2_train,adverse,-1.867048092225576,7.170847912672042,-3.0335238903631128,0.9314829572703589,64.0,-0.22588325999341585,-0.3713371236014982,4.217775081239995,539.6003203604741,6
atr,ETHUSDT,1h,SHORT_ONLY,wf_2_train,base,-0.11112313694017772,6.46165516508197,-0.12353250582400363,0.9970143932881192,64.0,0.022670264569515153,0.038954429444477114,4.203316683925083,273.49224626150675,6
atr,ETHUSDT,1h,SHORT_ONLY,wf_3_test,adverse,2.0583034925764077,4.897239897260579,14.702167804116952,1.3446944871945907,14.0,1.2729073532077144,2.2689033629270625,2.2194987500894645,115.3722465121663,1
atr,ETHUSDT,1h,SHORT_ONLY,wf_3_test,base,2.559643985956628,4.616852527400325,18.283171328261503,1.4457672728952902,14.0,1.555512632423913,2.907584746672689,2.2346903710036425,58.01174469494891,1
atr,ETHUSDT,1h,SHORT_ONLY,wf_3_train,adverse,3.394235855942185,7.856429626260326,4.6337326007451285,1.1031780969363532,71.5,0.4540258732564551,0.7930458229975119,4.924331368955169,596.907307379854,6
atr,ETHUSDT,1h,SHORT_ONLY,wf_3_train,base,5.729509799784838,6.902608768604547,7.370000763228836,1.1670706627312173,71.5,0.6995121545771035,1.2307385682570828,4.9678184614377905,302.9972316637426,6
donchian,ETHUSDT,1h,SHORT_ONLY,diagnostic_year_2023,adverse,-8.4681503476569,8.656208317486398,-23.831257651463616,0.2638744371795093,37.0,-5.096790239975309,-5.42194168810208,2.98573631996777,302.29463881948374,3
donchian,ETHUSDT,1h,SHORT_ONLY,diagnostic_year_2023,base,-7.344702032802342,7.597099664673629,-20.849514387572302,0.30695176799869156,37.0,-4.4492273746577755,-4.924525555857387,3.0306644590734404,152.21980370632076,3
donchian,ETHUSDT,1h,SHORT_ONLY,diagnostic_year_2024,adverse,-1.5428024839766241,9.842986413524146,-1.4978664892977145,0.9602908006668182,93.0,-0.16855248219887525,-0.273781089980863,3.7668228467444504,773.2821656940572,3
donchian,ETHUSDT,1h,SHORT_ONLY,diagnostic_year_2024,base,0.9775128949648382,8.878695577624438,0.9399162451583556,1.0256341053053388,94.0,0.16456290943210464,0.2780111694662636,3.7797622557224115,394.7015651824423,3
donchian,ETHUSDT,1h,SHORT_ONLY,diagnostic_year_2025,adverse,-0.29415215050019317,8.602887786008134,-0.3197305983699433,0.9930031656012561,92.0,0.017009373161802583,0.03121814689755756,4.846656636832404,772.8726204275604,3
donchian,ETHUSDT,1h,SHORT_ONLY,diagnostic_year_2025,base,1.8083570448612862,7.9922755016631655,1.94446994071115,1.0434728915865323,93.0,0.2318706791961425,0.4415896513891422,4.886099132988879,396.36781994078234,3
donchian,ETHUSDT,1h,SHORT_ONLY,diagnostic_year_2026,adverse,-0.8917105519208213,8.512931716937667,-1.255930354818099,0.9640506388784508,64.0,-0.09221176305381674,-0.18274067637959335,4.287214905073703,554.0568375165874,3
donchian,ETHUSDT,1h,SHORT_ONLY,diagnostic_year_2026,base,1.7184067602255215,7.398930648790573,2.4202912115852775,1.0727416041809161,64.0,0.29548828338169564,0.6004458128932271,4.5207309055055935,280.3238178870739,3
donchian,ETHUSDT,1h,SHORT_ONLY,test,adverse,-2.3713281918756324,8.512933132194783,-2.0267762323723915,0.9471989260582204,110.0,-0.16726746346858637,-0.3018000014393623,4.095999093711296,936.0773777840711,3
donchian,ETHUSDT,1h,SHORT_ONLY,test,base,0.9400056374494925,7.398931823766035,0.7966149469911142,1.0214815892369873,111.0,0.12697867187130335,0.23649769027182577,4.245785682734715,478.1149552356725,3
donchian,ETHUSDT,1h,SHORT_ONLY,train,adverse,-11.06451860261175,12.563252056138166,-14.424443062397703,0.5730206703722142,76.0,-2.2908816640893317,-3.217847317451236,3.2618906189248156,598.1409656788442,3
donchian,ETHUSDT,1h,SHORT_ONLY,train,base,-9.588146209377557,11.068661500665257,-12.222637708374457,0.6211967685020285,77.0,-1.9313297716946811,-2.810370073293223,3.274706640374836,306.56746074878964,3
donchian,ETHUSDT,1h,SHORT_ONLY,validation,adverse,0.8447948329920463,9.842986633776395,1.4318556491389813,1.0371048960979177,54.0,0.2372650266979758,0.38571787866566515,3.9495890489367422,463.20451275990746,3
donchian,ETHUSDT,1h,SHORT_ONLY,validation,base,2.813369213074557,8.878699398691165,4.768422395041518,1.1284812860609967,54.0,0.6755940467739292,1.148629483718874,3.9994758761444293,233.77941141283623,3
donchian,ETHUSDT,1h,SHORT_ONLY,wf_0_test,adverse,3.882576876244981,5.914145703787791,12.941922920816484,1.367729884290434,30.0,1.7038506204109627,3.42090870378624,4.088236322920314,257.18336534768616,1
donchian,ETHUSDT,1h,SHORT_ONLY,wf_0_test,base,4.950144601595596,5.577967980166394,16.50048200531864,1.4898428231462606,30.0,2.10058405298536,4.451368629386562,4.159305215736812,129.4022817313589,1
donchian,ETHUSDT,1h,SHORT_ONLY,wf_0_train,adverse,-9.897073973385828,11.61056137742475,-13.224971808641829,0.5994560259750411,71.0,-2.1297912005388313,-3.0290532595985593,3.3144644487400954,562.9195159804517,3
donchian,ETHUSDT,1h,SHORT_ONLY,wf_0_train,base,-8.556604609629193,10.210874143420753,-11.06198981502894,0.6521582279503895,72.0,-1.791238144390777,-2.638407453015554,3.325353664802227,288.54365586663175,3
donchian,ETHUSDT,1h,SHORT_ONLY,wf_1_test,adverse,-2.9144612257593017,5.642967626980655,-14.572306128796786,0.6795307980184967,20.0,-1.6198147199366304,-2.3323088262909675,3.604849527393456,166.19030641339765,1
donchian,ETHUSDT,1h,SHORT_ONLY,wf_1_test,base,-2.3139285851183744,5.280014033526433,-11.569642925591562,0.734327337120792,20.0,-1.2609062236547048,-1.8744604473978437,3.6219267814210783,83.27248156646952,1
donchian,ETHUSDT,1h,SHORT_ONLY,wf_1_train,adverse,-3.1215490628684117,7.361536969629808,-3.629708212637737,0.8989275047315913,86.0,-0.44302175619116296,-0.7181508176278025,3.4281003384851454,696.8910988641398,3
donchian,ETHUSDT,1h,SHORT_ONLY,wf_1_train,base,-1.1393491774958964,6.564654737223252,-1.309596755742495,0.9623810079389303,87.0,-0.13458536741202368,-0.22701643771891555,3.4511589553114472,356.24509415023954,3
donchian,ETHUSDT,1h,SHORT_ONLY,wf_2_test,adverse,1.679076009516689,6.537430951885276,5.996700033987999,1.1277764804701262,28.0,0.6347388913178269,1.414204004921054,5.703648046923319,230.1984334690447,1
donchian,ETHUSDT,1h,SHORT_ONLY,wf_2_test,base,2.5098917812507393,6.322552889256386,8.96389921875273,1.1954267277831896,28.0,0.8984280232387432,2.0773894632114085,5.8026319071385135,116.48078549391921,1
donchian,ETHUSDT,1h,SHORT_ONLY,wf_2_train,adverse,-1.5428024839766241,9.842986413524146,-1.4978664892977145,0.9602908006668182,93.0,-0.16855248219887525,-0.273781089980863,3.7668228467444504,773.2821656940572,3
donchian,ETHUSDT,1h,SHORT_ONLY,wf_2_train,base,0.9775128949648382,8.878695577624438,0.9399162451583556,1.0256341053053388,94.0,0.16456290943210464,0.2780111694662636,3.7797622557224115,394.7015651824423,3
donchian,ETHUSDT,1h,SHORT_ONLY,wf_3_test,adverse,0.6786390656990715,5.213395410637745,4.847421897850455,1.1089137484359612,14.0,0.40383295635629973,0.8403473484749856,5.086101201575504,115.15582436807777,1
donchian,ETHUSDT,1h,SHORT_ONLY,wf_3_test,base,1.1184598811849744,4.901605430668001,7.98899915132097,1.1874348677546729,14.0,0.6378539391895657,1.3829152650224306,5.086493936091233,57.753367927044984,1
donchian,ETHUSDT,1h,SHORT_ONLY,wf_3_train,adverse,2.3691677214118245,9.842988040276476,2.2141754405716987,1.054209778490734,107.0,0.3062935291309718,0.5615009997181203,4.731593041344129,908.6417728623405,3
donchian,ETHUSDT,1h,SHORT_ONLY,wf_3_train,base,5.029813751506085,8.87869844836748,4.65723495509816,1.116520896212826,108.0,0.5822740284812985,1.1070659900387334,4.753868861779661,464.27690753537246,3
donchian_atr,ETHUSDT,1h,SHORT_ONLY,diagnostic_year_2023,adverse,-7.048228088296693,7.23920337814567,-25.033842847012185,0.2917865966493188,28.0,-4.706668330095421,-4.890875267254262,2.6063480184858943,230.9563550444575,6
donchian_atr,ETHUSDT,1h,SHORT_ONLY,diagnostic_year_2023,base,-6.193533792042045,6.4490672633550865,-21.978647782569748,0.33500864552339227,28.0,-4.169635722189819,-4.457033894853785,2.641321077155476,116.16191500168888,6
donchian_atr,ETHUSDT,1h,SHORT_ONLY,diagnostic_year_2024,adverse,-1.5072862220757433,5.1487696080970915,-3.1956975306726587,0.9284414439104518,51.0,-0.24938204568853248,-0.38283037346796545,2.5707744812555022,419.5078411419583,6
donchian_atr,ETHUSDT,1h,SHORT_ONLY,diagnostic_year_2024,base,0.2990429673628947,4.788136677468385,0.38445122150778593,1.0101322531243375,52.5,0.07261976834633652,0.12420256186169965,2.5956724259824693,218.9322245121333,6
donchian_atr,ETHUSDT,1h,SHORT_ONLY,diagnostic_year_2025,adverse,9.358608414451751,4.6918783450287345,18.41171089535183,1.3999394387510598,53.0,1.118817469803379,2.409879580124091,3.3441508538185056,455.9967562084185,6
donchian_atr,ETHUSDT,1h,SHORT_ONLY,diagnostic_year_2025,base,11.068450562721686,4.424227019486633,21.638248087410137,1.4785042774991455,53.0,1.279512439435021,2.8376798179211553,3.3765498806223473,231.0050476087955,6
donchian_atr,ETHUSDT,1h,SHORT_ONLY,diagnostic_year_2026,adverse,0.48117249513259797,5.5101040564390775,1.7431218367912322,1.044767689895851,31.0,0.1376410805448073,0.2703874448103447,2.5353968732311154,264.49579217517396,6
donchian_atr,ETHUSDT,1h,SHORT_ONLY,diagnostic_year_2026,base,0.8685523362300995,5.332566810891988,2.657010248501635,1.0709573087863755,32.0,0.2080792770971866,0.3815686682243884,2.7590897884085734,136.902102013526,6
donchian_atr,ETHUSDT,1h,SHORT_ONLY,test,adverse,3.0912962645986974,5.51010451001559,5.9340128348699395,1.140290183741306,56.5,0.3852493787293523,0.7289764685403969,2.659156502092017,487.7334599310753,6
donchian_atr,ETHUSDT,1h,SHORT_ONLY,test,base,4.24382291644303,5.332566727696012,7.846084443379803,1.1903610315399384,57.5,0.4948058732607158,0.9355196100966845,2.79861093781299,250.4786165825815,6
donchian_atr,ETHUSDT,1h,SHORT_ONLY,train,adverse,-8.65070955215762,10.414780549539447,-18.033287780071007,0.5256185204613651,49.5,-2.535594329146911,-3.119239765038322,2.5277781160850687,396.2473840717956,6
donchian_atr,ETHUSDT,1h,SHORT_ONLY,train,base,-7.160713092301191,8.678415713627764,-14.264938277926312,0.6019692294989154,51.0,-1.9258006655018791,-2.5333166952164916,2.5523732352395747,206.34751323662977,6
donchian_atr,ETHUSDT,1h,SHORT_ONLY,validation,adverse,0.5124969802720813,4.912399903659386,1.5153448156197284,1.0362612154607278,29.5,0.17466911353045642,0.28968902121944395,2.633759200067253,246.06721604599525,6
donchian_atr,ETHUSDT,1h,SHORT_ONLY,validation,base,1.4802060014310947,4.417235753940428,4.7356773656195,1.1145289376102951,29.5,0.44664871759263575,0.7587701819692356,2.676584000233891,124.01766152705224,6
donchian_atr,ETHUSDT,1h,SHORT_ONLY,wf_0_test,adverse,2.39837130099283,3.885022275729017,10.90168773178572,1.2953353138300585,22.0,1.2435057087993766,2.418162541309956,3.4799282326366967,184.12951723621052,1
donchian_atr,ETHUSDT,1h,SHORT_ONLY,wf_0_test,base,3.174008630909131,3.7059341760335727,14.42731195867807,1.4092427609585079,22.0,1.60101519701524,3.2728795330236973,3.5510357685385823,92.55380293529716,1
donchian_atr,ETHUSDT,1h,SHORT_ONLY,wf_0_train,adverse,-7.831260651273952,9.810207152774982,-17.591095895763857,0.5429195515985447,45.5,-2.353445431341087,-2.9812206386795865,2.5632934249643897,365.4581856000832,6
donchian_atr,ETHUSDT,1h,SHORT_ONLY,wf_0_train,base,-6.454805234584098,8.144522072577058,-13.740400777021945,0.6210730155668436,47.0,-1.788092166076516,-2.3979752465901267,2.5868285934347206,190.7536266226029,6
donchian_atr,ETHUSDT,1h,SHORT_ONLY,wf_1_test,adverse,-1.0863101460332647,3.7370452125697917,-9.052584550277189,0.808091492194012,12.0,-0.6142430583221117,-0.8929828778315432,2.0430944782992153,99.480429555409,1
donchian_atr,ETHUSDT,1h,SHORT_ONLY,wf_1_test,base,-0.7440430582587587,3.5310884301924803,-6.2003588188229655,0.8636605449370462,12.0,-0.40373091000717753,-0.6013796716929937,2.0576196070931325,50.048064318010944,1
donchian_atr,ETHUSDT,1h,SHORT_ONLY,wf_1_train,adverse,-2.994270716244507,6.379353409035399,-6.329173541017408,0.8493691674303341,48.5,-0.6033835328369039,-0.932700578975837,2.6043382041032856,391.72076868248655,6
donchian_atr,ETHUSDT,1h,SHORT_ONLY,wf_1_train,base,-1.229516674950798,5.283781971636574,-2.601346880973076,0.9354296713469139,50.0,-0.225324941896555,-0.3624020259361206,2.6565474649975522,204.41863247693902,6
donchian_atr,ETHUSDT,1h,SHORT_ONLY,wf_2_test,adverse,3.888679561847086,4.90099285489523,19.443397809235435,1.413111022926208,20.0,1.4776224308006107,3.5743307264729585,4.756651759851444,162.62526596456473,1
donchian_atr,ETHUSDT,1h,SHORT_ONLY,wf_2_test,base,4.453556453119623,4.888838275326219,22.267782265598026,1.4791245056765294,20.0,1.637390526128183,4.061175647024851,4.855695553200793,82.44108027423475,1
donchian_atr,ETHUSDT,1h,SHORT_ONLY,wf_2_train,adverse,-1.5072862220757433,5.1487696080970915,-3.1956975306726587,0.9284414439104518,51.0,-0.24938204568853248,-0.38283037346796545,2.5707744812555022,419.5078411419583,6
donchian_atr,ETHUSDT,1h,SHORT_ONLY,wf_2_train,base,0.2990429673628947,4.788136677468385,0.38445122150778593,1.0101322531243375,52.5,0.07261976834633652,0.12420256186169965,2.5956724259824693,218.9322245121333,6
donchian_atr,ETHUSDT,1h,SHORT_ONLY,wf_3_test,adverse,1.9330991397949138,4.032350180254146,17.5736285435899,1.3855454142001842,11.0,1.0982551581246398,2.445204054505156,3.628685333368681,89.8524549044411,1
donchian_atr,ETHUSDT,1h,SHORT_ONLY,wf_3_test,base,2.2737573967714697,3.815088626729274,20.670521788831163,1.4690955502747867,11.0,1.2751439309534631,2.954718503902931,3.6291689933818696,45.05082376923099,1
donchian_atr,ETHUSDT,1h,SHORT_ONLY,wf_3_train,adverse,4.466519401464408,4.912398638224296,7.386781639767257,1.1662832402502787,59.5,0.6298420520373269,1.1877064530446868,3.421099112592187,492.262689609049,6
donchian_atr,ETHUSDT,1h,SHORT_ONLY,wf_3_train,base,5.940868155083534,4.464045828906289,10.001271363156404,1.2258555172194512,60.0,0.8071535022025238,1.5620572654785194,3.4529140554642512,250.9215375946642,6
