candidate_id,evidence_source,period,scenario,return_pct,profit_factor,expectancy,closed_trades,descriptive_verdict,statistical_decision
donchian_atr_00,historical,HISTORICAL_CHALLENGE/year_2020,base,0.7089366214249715,1.0324053823628268,1.6879443367262912,42,REGIME_DEPENDENT,PROSPECTIVE_VALIDATION_REQUIRED
donchian_atr_00,historical,HISTORICAL_CHALLENGE/year_2020,adverse,-0.7005662185165962,0.9688457944435862,-1.6680148059919095,42,REGIME_DEPENDENT,PROSPECTIVE_VALIDATION_REQUIRED
donchian_atr_00,historical,HISTORICAL_CHALLENGE/year_2021,base,5.442953229518821,1.2347046992819208,12.65803076632286,43,REGIME_DEPENDENT,PROSPECTIVE_VALIDATION_REQUIRED
donchian_atr_00,historical,HISTORICAL_CHALLENGE/year_2021,adverse,-1.2835720742912948,0.9498782844263032,-2.9172092597528945,44,REGIME_DEPENDENT,PROSPECTIVE_VALIDATION_REQUIRED
donchian_atr_00,historical,HISTORICAL_CHALLENGE/year_2022,base,11.014929688165733,1.328001085200891,15.513985476289587,71,REGIME_DEPENDENT,PROSPECTIVE_VALIDATION_REQUIRED
donchian_atr_00,historical,HISTORICAL_CHALLENGE/year_2022,adverse,8.240248834185815,1.2381983284162352,11.605984273501008,71,REGIME_DEPENDENT,PROSPECTIVE_VALIDATION_REQUIRED
donchian_atr_01,historical,HISTORICAL_CHALLENGE/year_2020,base,0.2663483131576827,1.0125428886036232,0.6658707828943093,40,REGIME_DEPENDENT,PROSPECTIVE_VALIDATION_REQUIRED
donchian_atr_01,historical,HISTORICAL_CHALLENGE/year_2020,adverse,-1.0707588413964353,0.9509286117690476,-2.6768971034911813,40,REGIME_DEPENDENT,PROSPECTIVE_VALIDATION_REQUIRED
donchian_atr_01,historical,HISTORICAL_CHALLENGE/year_2021,base,5.2568653051148,1.2351097540285962,12.821622695401793,41,REGIME_DEPENDENT,PROSPECTIVE_VALIDATION_REQUIRED
donchian_atr_01,historical,HISTORICAL_CHALLENGE/year_2021,adverse,1.1997160478152136,1.0512571912523128,2.9261367019882427,41,REGIME_DEPENDENT,PROSPECTIVE_VALIDATION_REQUIRED
donchian_atr_01,historical,HISTORICAL_CHALLENGE/year_2022,base,13.001627267111404,1.4008773374967525,18.842938068277324,69,REGIME_DEPENDENT,PROSPECTIVE_VALIDATION_REQUIRED
donchian_atr_01,historical,HISTORICAL_CHALLENGE/year_2022,adverse,10.227709139702236,1.3058427982670735,14.822766869133442,69,REGIME_DEPENDENT,PROSPECTIVE_VALIDATION_REQUIRED
donchian_atr_02,historical,HISTORICAL_CHALLENGE/year_2020,base,1.4479247319921784,1.072419242536645,3.810328242084698,38,REGIME_DEPENDENT,PROSPECTIVE_VALIDATION_REQUIRED
donchian_atr_02,historical,HISTORICAL_CHALLENGE/year_2020,adverse,0.1637594942065945,1.0079776113248824,0.430946037385726,38,REGIME_DEPENDENT,PROSPECTIVE_VALIDATION_REQUIRED
donchian_atr_02,historical,HISTORICAL_CHALLENGE/year_2021,base,3.290909922448071,1.149146601486828,8.227274806120304,40,REGIME_DEPENDENT,PROSPECTIVE_VALIDATION_REQUIRED
donchian_atr_02,historical,HISTORICAL_CHALLENGE/year_2021,adverse,-0.6022338362761337,0.9739373121225366,-1.505584590690379,40,REGIME_DEPENDENT,PROSPECTIVE_VALIDATION_REQUIRED
donchian_atr_02,historical,HISTORICAL_CHALLENGE/year_2022,base,13.112355947316834,1.4102438659611458,19.57068051838332,67,REGIME_DEPENDENT,PROSPECTIVE_VALIDATION_REQUIRED
donchian_atr_02,historical,HISTORICAL_CHALLENGE/year_2022,adverse,10.410216355432777,1.315994040338892,15.537636351391953,67,REGIME_DEPENDENT,PROSPECTIVE_VALIDATION_REQUIRED
donchian_atr_03,historical,HISTORICAL_CHALLENGE/year_2020,base,-2.837232666609435,0.8466065549902414,-8.344801960615841,34,REGIME_DEPENDENT,PROSPECTIVE_VALIDATION_REQUIRED
donchian_atr_03,historical,HISTORICAL_CHALLENGE/year_2020,adverse,-3.8352714925889098,0.7979495839131644,-11.280210272320282,34,REGIME_DEPENDENT,PROSPECTIVE_VALIDATION_REQUIRED
donchian_atr_03,historical,HISTORICAL_CHALLENGE/year_2021,base,5.523313985126799,1.412356136824218,22.09325594050717,25,REGIME_DEPENDENT,PROSPECTIVE_VALIDATION_REQUIRED
donchian_atr_03,historical,HISTORICAL_CHALLENGE/year_2021,adverse,1.8056382212676023,1.1249841536899148,7.222552885070329,25,REGIME_DEPENDENT,PROSPECTIVE_VALIDATION_REQUIRED
donchian_atr_03,historical,HISTORICAL_CHALLENGE/year_2022,base,15.906559032181477,1.6744052185574634,31.18933143564987,51,REGIME_DEPENDENT,PROSPECTIVE_VALIDATION_REQUIRED
donchian_atr_03,historical,HISTORICAL_CHALLENGE/year_2022,adverse,13.679394802963696,1.5601992392419617,26.82234275090914,51,REGIME_DEPENDENT,PROSPECTIVE_VALIDATION_REQUIRED
donchian_atr_04,historical,HISTORICAL_CHALLENGE/year_2020,base,-2.4126199923865,0.8666790324950236,-7.310969673898557,33,REGIME_DEPENDENT,PROSPECTIVE_VALIDATION_REQUIRED
donchian_atr_04,historical,HISTORICAL_CHALLENGE/year_2020,adverse,-3.3820328495348995,0.8177197492616362,-10.248584392529864,33,REGIME_DEPENDENT,PROSPECTIVE_VALIDATION_REQUIRED
donchian_atr_04,historical,HISTORICAL_CHALLENGE/year_2021,base,5.523313985126799,1.412356136824218,22.09325594050717,25,REGIME_DEPENDENT,PROSPECTIVE_VALIDATION_REQUIRED
donchian_atr_04,historical,HISTORICAL_CHALLENGE/year_2021,adverse,1.8056382212676023,1.1249841536899148,7.222552885070329,25,REGIME_DEPENDENT,PROSPECTIVE_VALIDATION_REQUIRED
donchian_atr_04,historical,HISTORICAL_CHALLENGE/year_2022,base,17.79440507267658,1.7997619410976236,36.31511239321763,49,REGIME_DEPENDENT,PROSPECTIVE_VALIDATION_REQUIRED
donchian_atr_04,historical,HISTORICAL_CHALLENGE/year_2022,adverse,15.570638321669318,1.6750311517115686,31.77681290136601,49,REGIME_DEPENDENT,PROSPECTIVE_VALIDATION_REQUIRED
donchian_atr_05,historical,HISTORICAL_CHALLENGE/year_2020,base,-2.4126199923865,0.8666790324950236,-7.310969673898557,33,REGIME_DEPENDENT,PROSPECTIVE_VALIDATION_REQUIRED
donchian_atr_05,historical,HISTORICAL_CHALLENGE/year_2020,adverse,-3.3820328495348995,0.8177197492616362,-10.248584392529864,33,REGIME_DEPENDENT,PROSPECTIVE_VALIDATION_REQUIRED
donchian_atr_05,historical,HISTORICAL_CHALLENGE/year_2021,base,3.5523858410779763,1.2688345141716704,14.80160767115821,24,REGIME_DEPENDENT,PROSPECTIVE_VALIDATION_REQUIRED
donchian_atr_05,historical,HISTORICAL_CHALLENGE/year_2021,adverse,-0.0070961898740118,0.9995022551496764,-0.0295674578082418,24,REGIME_DEPENDENT,PROSPECTIVE_VALIDATION_REQUIRED
donchian_atr_05,historical,HISTORICAL_CHALLENGE/year_2022,base,17.79440507267658,1.7997619410976236,36.31511239321763,49,REGIME_DEPENDENT,PROSPECTIVE_VALIDATION_REQUIRED
donchian_atr_05,historical,HISTORICAL_CHALLENGE/year_2022,adverse,15.570638321669318,1.6750311517115686,31.77681290136601,49,REGIME_DEPENDENT,PROSPECTIVE_VALIDATION_REQUIRED
donchian_atr_00,recent,train,base,-8.18138091330911,0.6168569569616714,-13.412099857883709,61,REGIME_DEPENDENT,PROSPECTIVE_VALIDATION_REQUIRED
donchian_atr_00,recent,train,adverse,-9.702188534255562,0.5516620587058368,-16.444387346195814,59,REGIME_DEPENDENT,PROSPECTIVE_VALIDATION_REQUIRED
donchian_atr_01,recent,train,base,-7.22426423471858,0.6478411689414839,-12.45562799089422,58,REGIME_DEPENDENT,PROSPECTIVE_VALIDATION_REQUIRED
donchian_atr_01,recent,train,adverse,-8.667656290178893,0.5817659918027002,-15.47795766103371,56,REGIME_DEPENDENT,PROSPECTIVE_VALIDATION_REQUIRED
donchian_atr_02,recent,train,base,-7.223233074312263,0.6351177296885511,-12.898630489843402,56,REGIME_DEPENDENT,PROSPECTIVE_VALIDATION_REQUIRED
donchian_atr_02,recent,train,adverse,-8.605071935096753,0.5694866340289972,-15.93531839832724,54,REGIME_DEPENDENT,PROSPECTIVE_VALIDATION_REQUIRED
donchian_atr_03,recent,train,base,-7.098193110290119,0.5760228904332436,-15.430854587587426,46,REGIME_DEPENDENT,PROSPECTIVE_VALIDATION_REQUIRED
donchian_atr_03,recent,train,adverse,-8.954140423196533,0.4896492954203184,-19.89808982932574,45,REGIME_DEPENDENT,PROSPECTIVE_VALIDATION_REQUIRED
donchian_atr_04,recent,train,base,-6.802999514086039,0.5870815020361595,-15.117776697968916,45,REGIME_DEPENDENT,PROSPECTIVE_VALIDATION_REQUIRED
donchian_atr_04,recent,train,adverse,-8.633762814136347,0.4995749822168934,-19.6221882139462,44,REGIME_DEPENDENT,PROSPECTIVE_VALIDATION_REQUIRED
donchian_atr_05,recent,train,base,-6.801966375259494,0.5681875662208974,-15.8185264540917,43,REGIME_DEPENDENT,PROSPECTIVE_VALIDATION_REQUIRED
donchian_atr_05,recent,train,adverse,-8.571149346587504,0.4808004057380953,-20.407498444255893,42,REGIME_DEPENDENT,PROSPECTIVE_VALIDATION_REQUIRED
donchian_atr_00,recent,validation,base,2.1159040341452107,1.1548642622001584,6.223247159250735,34,REGIME_DEPENDENT,PROSPECTIVE_VALIDATION_REQUIRED
donchian_atr_00,recent,validation,adverse,1.0073122897933828,1.0710226528270617,2.9626832052747147,34,REGIME_DEPENDENT,PROSPECTIVE_VALIDATION_REQUIRED
donchian_atr_01,recent,validation,base,2.1159040341452107,1.1548642622001584,6.223247159250735,34,REGIME_DEPENDENT,PROSPECTIVE_VALIDATION_REQUIRED
donchian_atr_01,recent,validation,adverse,1.0073122897933828,1.0710226528270617,2.9626832052747147,34,REGIME_DEPENDENT,PROSPECTIVE_VALIDATION_REQUIRED
donchian_atr_02,recent,validation,base,2.696098180722561,1.205592138278561,8.169994487038165,33,REGIME_DEPENDENT,PROSPECTIVE_VALIDATION_REQUIRED
donchian_atr_02,recent,validation,adverse,1.616038120550778,1.1187749802816582,4.897085213790476,33,REGIME_DEPENDENT,PROSPECTIVE_VALIDATION_REQUIRED
donchian_atr_03,recent,validation,base,0.8445079687169788,1.074193613020432,3.248107571988264,26,REGIME_DEPENDENT,PROSPECTIVE_VALIDATION_REQUIRED
donchian_atr_03,recent,validation,adverse,0.0176816707507798,1.001499778094394,0.0680064259647422,26,REGIME_DEPENDENT,PROSPECTIVE_VALIDATION_REQUIRED
donchian_atr_04,recent,validation,base,0.8445079687169788,1.074193613020432,3.248107571988264,26,REGIME_DEPENDENT,PROSPECTIVE_VALIDATION_REQUIRED
donchian_atr_04,recent,validation,adverse,0.0176816707507798,1.001499778094394,0.0680064259647422,26,REGIME_DEPENDENT,PROSPECTIVE_VALIDATION_REQUIRED
donchian_atr_05,recent,validation,base,0.8445079687169788,1.074193613020432,3.248107571988264,26,REGIME_DEPENDENT,PROSPECTIVE_VALIDATION_REQUIRED
donchian_atr_05,recent,validation,adverse,0.0176816707507798,1.001499778094394,0.0680064259647422,26,REGIME_DEPENDENT,PROSPECTIVE_VALIDATION_REQUIRED
donchian_atr_00,recent,test,base,2.6683040533952878,1.0953903197802872,3.9239765491107903,68,REGIME_DEPENDENT,PROSPECTIVE_VALIDATION_REQUIRED
donchian_atr_00,recent,test,adverse,1.1383787881736884,1.0401252475794698,1.6990728181697263,67,REGIME_DEPENDENT,PROSPECTIVE_VALIDATION_REQUIRED
donchian_atr_01,recent,test,base,4.016734424838164,1.1504456720477512,6.179591422828048,65,REGIME_DEPENDENT,PROSPECTIVE_VALIDATION_REQUIRED
donchian_atr_01,recent,test,adverse,2.5717358973046838,1.0951998283587585,4.0183373395384905,64,REGIME_DEPENDENT,PROSPECTIVE_VALIDATION_REQUIRED
donchian_atr_02,recent,test,base,1.9073274989861664,1.0713816670128105,3.0275039666448467,63,REGIME_DEPENDENT,PROSPECTIVE_VALIDATION_REQUIRED
donchian_atr_02,recent,test,adverse,0.5572479320443025,1.0206144697383173,0.8987869871682406,62,REGIME_DEPENDENT,PROSPECTIVE_VALIDATION_REQUIRED
donchian_atr_03,recent,test,base,5.083593588693258,1.2436629687311889,9.776141516717855,52,REGIME_DEPENDENT,PROSPECTIVE_VALIDATION_REQUIRED
donchian_atr_03,recent,test,adverse,4.0436830761628295,1.1923622414734616,7.928790345417406,51,REGIME_DEPENDENT,PROSPECTIVE_VALIDATION_REQUIRED
donchian_atr_04,recent,test,base,5.94517596628954,1.2972344929791908,11.89035193257911,50,REGIME_DEPENDENT,PROSPECTIVE_VALIDATION_REQUIRED
donchian_atr_04,recent,test,adverse,4.968343187007163,1.2472239440371118,10.139475891851353,49,REGIME_DEPENDENT,PROSPECTIVE_VALIDATION_REQUIRED
donchian_atr_05,recent,test,base,4.470911408047895,1.2302763910321255,9.512577463931558,47,REGIME_DEPENDENT,PROSPECTIVE_VALIDATION_REQUIRED
donchian_atr_05,recent,test,adverse,3.610856631892712,1.1853805391238537,7.8496883302013885,46,REGIME_DEPENDENT,PROSPECTIVE_VALIDATION_REQUIRED
