evidence_source,period,start,end,observed,reused_in_this_review,independent_available,prior_use,overlapping_periods,independence_note
historical,HISTORICAL_CHALLENGE/year_2020,2020-02-11T16:00:00+00:00,2021-01-01T00:00:00+00:00,True,True,False,post-TEST historical falsification,,Already observed; earlier project exposure unknown; never pool overlaps
historical,HISTORICAL_CHALLENGE/year_2021,2021-01-01T00:00:00+00:00,2022-01-01T00:00:00+00:00,True,True,False,post-TEST historical falsification,,Already observed; earlier project exposure unknown; never pool overlaps
historical,HISTORICAL_CHALLENGE/year_2022,2022-01-01T00:00:00+00:00,2023-01-01T00:00:00+00:00,True,True,False,post-TEST historical falsification,,Already observed; earlier project exposure unknown; never pool overlaps
recent,train,2023-06-04T00:00:00+00:00,2024-07-01T00:00:00+00:00,True,True,False,TRAIN selection,recent:diagnostic_year_2023;recent:diagnostic_year_2024;recent:wf_0_train;recent:wf_1_train;recent:wf_2_train;recent:wf_3_train,Already observed; earlier project exposure unknown; never pool overlaps
recent,validation,2024-07-01T00:00:00+00:00,2025-01-01T00:00:00+00:00,True,True,False,observed validation,recent:diagnostic_year_2024;recent:wf_0_test;recent:wf_1_train;recent:wf_1_test;recent:wf_2_train;recent:wf_3_train,Already observed; earlier project exposure unknown; never pool overlaps
recent,test,2025-07-01T00:00:00+00:00,2026-09-26T00:00:00+00:00,True,True,False,consumed final TEST; influenced frozen hypotheses,recent:diagnostic_year_2025;recent:diagnostic_year_2026,Already observed; earlier project exposure unknown; never pool overlaps
recent,diagnostic_year_2023,2023-06-04T00:00:00+00:00,2024-01-01T00:00:00+00:00,True,True,False,retrospective diagnostic,recent:train;recent:wf_0_train;recent:wf_1_train,Already observed; earlier project exposure unknown; never pool overlaps
recent,diagnostic_year_2024,2024-01-01T00:00:00+00:00,2025-01-01T00:00:00+00:00,True,True,False,retrospective diagnostic,recent:train;recent:validation;recent:wf_0_train;recent:wf_0_test;recent:wf_1_train;recent:wf_1_test;recent:wf_2_train;recent:wf_3_train,Already observed; earlier project exposure unknown; never pool overlaps
recent,diagnostic_year_2025,2025-01-01T00:00:00+00:00,2026-01-01T00:00:00+00:00,True,True,False,retrospective diagnostic,recent:test;recent:wf_2_test;recent:wf_3_train;recent:wf_3_test,Already observed; earlier project exposure unknown; never pool overlaps
recent,diagnostic_year_2026,2026-01-01T00:00:00+00:00,2026-09-26T00:00:00+00:00,True,True,False,retrospective diagnostic,recent:test,Already observed; earlier project exposure unknown; never pool overlaps
recent,wf_0_train,2023-07-01T00:00:00+00:00,2024-07-01T00:00:00+00:00,True,True,False,adaptive WF TEST; not evidence for each fixed winner,recent:train;recent:diagnostic_year_2023;recent:diagnostic_year_2024;recent:wf_1_train;recent:wf_2_train;recent:wf_3_train,Already observed; earlier project exposure unknown; never pool overlaps
recent,wf_0_test,2024-07-01T00:00:00+00:00,2024-10-01T00:00:00+00:00,True,True,False,adaptive WF TEST; not evidence for each fixed winner,recent:validation;recent:diagnostic_year_2024;recent:wf_1_train;recent:wf_2_train;recent:wf_3_train,Already observed; earlier project exposure unknown; never pool overlaps
recent,wf_1_train,2023-10-01T00:00:00+00:00,2024-10-01T00:00:00+00:00,True,True,False,adaptive WF TEST; not evidence for each fixed winner,recent:train;recent:validation;recent:diagnostic_year_2023;recent:diagnostic_year_2024;recent:wf_0_train;recent:wf_0_test;recent:wf_2_train;recent:wf_3_train,Already observed; earlier project exposure unknown; never pool overlaps
recent,wf_1_test,2024-10-01T00:00:00+00:00,2025-01-01T00:00:00+00:00,True,True,False,adaptive WF TEST; not evidence for each fixed winner,recent:validation;recent:diagnostic_year_2024;recent:wf_2_train;recent:wf_3_train,Already observed; earlier project exposure unknown; never pool overlaps
recent,wf_2_train,2024-01-01T00:00:00+00:00,2025-01-01T00:00:00+00:00,True,True,False,adaptive WF TEST; not evidence for each fixed winner,recent:train;recent:validation;recent:diagnostic_year_2024;recent:wf_0_train;recent:wf_0_test;recent:wf_1_train;recent:wf_1_test;recent:wf_3_train,Already observed; earlier project exposure unknown; never pool overlaps
recent,wf_2_test,2025-01-01T00:00:00+00:00,2025-04-01T00:00:00+00:00,True,True,False,adaptive WF TEST; not evidence for each fixed winner,recent:diagnostic_year_2025;recent:wf_3_train,Already observed; earlier project exposure unknown; never pool overlaps
recent,wf_3_train,2024-04-01T00:00:00+00:00,2025-04-01T00:00:00+00:00,True,True,False,adaptive WF TEST; not evidence for each fixed winner,recent:train;recent:validation;recent:diagnostic_year_2024;recent:diagnostic_year_2025;recent:wf_0_train;recent:wf_0_test;recent:wf_1_train;recent:wf_1_test;recent:wf_2_train;recent:wf_2_test,Already observed; earlier project exposure unknown; never pool overlaps
recent,wf_3_test,2025-04-01T00:00:00+00:00,2025-07-01T00:00:00+00:00,True,True,False,adaptive WF TEST; not evidence for each fixed winner,recent:diagnostic_year_2025,Already observed; earlier project exposure unknown; never pool overlaps
prospective,not_collected,2026-10-09T00:00:00Z,,False,False,False,future collection after adapter acceptance; no observations yet,,Independent evidence still unavailable; never backfill missed days
