evidence_source,period,scenario,parameter,candidate_a,candidate_b,backtest_id_a,backtest_id_b,return_pct_a,return_pct_b,expectancy_a,expectancy_b,profit_factor_a,profit_factor_b,closed_trades_a,closed_trades_b,descriptive_region
historical,HISTORICAL_CHALLENGE/year_2020,adverse,breakout_length,donchian_atr_00,donchian_atr_01,1a07e55ac59042e492bff5effedefc4a,edd4eaf5bf994e1ab5206931bdfc8f2e,-0.7005662185165962,-1.0707588413964353,-1.6680148059919095,-2.6768971034911813,0.9688457944435862,0.9509286117690476,42,40,REGION_SENSIBLE_O_NEGATIVA
historical,HISTORICAL_CHALLENGE/year_2020,adverse,atr_expansion_threshold,donchian_atr_00,donchian_atr_03,1a07e55ac59042e492bff5effedefc4a,06cecb1fff224f57aafe73198a6670ac,-0.7005662185165962,-3.8352714925889098,-1.6680148059919095,-11.280210272320282,0.9688457944435862,0.7979495839131644,42,34,REGION_SENSIBLE_O_NEGATIVA
historical,HISTORICAL_CHALLENGE/year_2020,adverse,breakout_length,donchian_atr_01,donchian_atr_02,edd4eaf5bf994e1ab5206931bdfc8f2e,db6ba185c03c4ba794ad8b491b248f36,-1.0707588413964353,0.1637594942065945,-2.6768971034911813,0.430946037385726,0.9509286117690476,1.0079776113248824,40,38,RESULTADO_AISLADO_EN_ARISTA
historical,HISTORICAL_CHALLENGE/year_2020,adverse,atr_expansion_threshold,donchian_atr_01,donchian_atr_04,edd4eaf5bf994e1ab5206931bdfc8f2e,9b6840ae5fb6434e9864ce82e48ef93c,-1.0707588413964353,-3.3820328495348995,-2.6768971034911813,-10.248584392529864,0.9509286117690476,0.8177197492616362,40,33,REGION_SENSIBLE_O_NEGATIVA
historical,HISTORICAL_CHALLENGE/year_2020,adverse,atr_expansion_threshold,donchian_atr_02,donchian_atr_05,db6ba185c03c4ba794ad8b491b248f36,f9984a271dd641b2b84e50494dcb45d7,0.1637594942065945,-3.3820328495348995,0.430946037385726,-10.248584392529864,1.0079776113248824,0.8177197492616362,38,33,RESULTADO_AISLADO_EN_ARISTA
historical,HISTORICAL_CHALLENGE/year_2020,adverse,breakout_length,donchian_atr_03,donchian_atr_04,06cecb1fff224f57aafe73198a6670ac,9b6840ae5fb6434e9864ce82e48ef93c,-3.8352714925889098,-3.3820328495348995,-11.280210272320282,-10.248584392529864,0.7979495839131644,0.8177197492616362,34,33,REGION_SENSIBLE_O_NEGATIVA
historical,HISTORICAL_CHALLENGE/year_2020,adverse,breakout_length,donchian_atr_04,donchian_atr_05,9b6840ae5fb6434e9864ce82e48ef93c,f9984a271dd641b2b84e50494dcb45d7,-3.3820328495348995,-3.3820328495348995,-10.248584392529864,-10.248584392529864,0.8177197492616362,0.8177197492616362,33,33,REGION_SENSIBLE_O_NEGATIVA
historical,HISTORICAL_CHALLENGE/year_2020,base,breakout_length,donchian_atr_00,donchian_atr_01,f128848419354982a4745b26307c5749,7592a9fe74ad486997ef272268f65494,0.7089366214249715,0.2663483131576827,1.6879443367262912,0.6658707828943093,1.0324053823628268,1.0125428886036232,42,40,REGION_ESTABLE
historical,HISTORICAL_CHALLENGE/year_2020,base,atr_expansion_threshold,donchian_atr_00,donchian_atr_03,f128848419354982a4745b26307c5749,7066f8176f9f4b638706be6913b9c541,0.7089366214249715,-2.837232666609435,1.6879443367262912,-8.344801960615841,1.0324053823628268,0.8466065549902414,42,34,RESULTADO_AISLADO_EN_ARISTA
historical,HISTORICAL_CHALLENGE/year_2020,base,breakout_length,donchian_atr_01,donchian_atr_02,7592a9fe74ad486997ef272268f65494,fab433c8757b48d2bd471dcd7a04f1ba,0.2663483131576827,1.4479247319921784,0.6658707828943093,3.810328242084698,1.0125428886036232,1.072419242536645,40,38,REGION_ESTABLE
historical,HISTORICAL_CHALLENGE/year_2020,base,atr_expansion_threshold,donchian_atr_01,donchian_atr_04,7592a9fe74ad486997ef272268f65494,73d6708bc6f84f538b65a3789a121669,0.2663483131576827,-2.4126199923865,0.6658707828943093,-7.310969673898557,1.0125428886036232,0.8666790324950236,40,33,RESULTADO_AISLADO_EN_ARISTA
historical,HISTORICAL_CHALLENGE/year_2020,base,atr_expansion_threshold,donchian_atr_02,donchian_atr_05,fab433c8757b48d2bd471dcd7a04f1ba,b6dd09936bc743d0b57065372c4614d4,1.4479247319921784,-2.4126199923865,3.810328242084698,-7.310969673898557,1.072419242536645,0.8666790324950236,38,33,RESULTADO_AISLADO_EN_ARISTA
historical,HISTORICAL_CHALLENGE/year_2020,base,breakout_length,donchian_atr_03,donchian_atr_04,7066f8176f9f4b638706be6913b9c541,73d6708bc6f84f538b65a3789a121669,-2.837232666609435,-2.4126199923865,-8.344801960615841,-7.310969673898557,0.8466065549902414,0.8666790324950236,34,33,REGION_SENSIBLE_O_NEGATIVA
historical,HISTORICAL_CHALLENGE/year_2020,base,breakout_length,donchian_atr_04,donchian_atr_05,73d6708bc6f84f538b65a3789a121669,b6dd09936bc743d0b57065372c4614d4,-2.4126199923865,-2.4126199923865,-7.310969673898557,-7.310969673898557,0.8666790324950236,0.8666790324950236,33,33,REGION_SENSIBLE_O_NEGATIVA
historical,HISTORICAL_CHALLENGE/year_2021,adverse,breakout_length,donchian_atr_00,donchian_atr_01,3c5eac206f334eea806cfab503f61625,255e0563367140de9e051fde3160ab09,-1.2835720742912948,1.1997160478152136,-2.9172092597528945,2.9261367019882427,0.9498782844263032,1.0512571912523128,44,41,RESULTADO_AISLADO_EN_ARISTA
historical,HISTORICAL_CHALLENGE/year_2021,adverse,atr_expansion_threshold,donchian_atr_00,donchian_atr_03,3c5eac206f334eea806cfab503f61625,c059caf3840f4efd960a96c7b3669bbc,-1.2835720742912948,1.8056382212676023,-2.9172092597528945,7.222552885070329,0.9498782844263032,1.1249841536899148,44,25,RESULTADO_AISLADO_EN_ARISTA
historical,HISTORICAL_CHALLENGE/year_2021,adverse,breakout_length,donchian_atr_01,donchian_atr_02,255e0563367140de9e051fde3160ab09,ef1fd455fff24c578e4389ea9f9edf84,1.1997160478152136,-0.6022338362761337,2.9261367019882427,-1.505584590690379,1.0512571912523128,0.9739373121225366,41,40,RESULTADO_AISLADO_EN_ARISTA
historical,HISTORICAL_CHALLENGE/year_2021,adverse,atr_expansion_threshold,donchian_atr_01,donchian_atr_04,255e0563367140de9e051fde3160ab09,03ae0370e1c44d5cb95addf3e33b1c51,1.1997160478152136,1.8056382212676023,2.9261367019882427,7.222552885070329,1.0512571912523128,1.1249841536899148,41,25,REGION_ESTABLE
historical,HISTORICAL_CHALLENGE/year_2021,adverse,atr_expansion_threshold,donchian_atr_02,donchian_atr_05,ef1fd455fff24c578e4389ea9f9edf84,63de382bc4e047ca991fbd0b51e4e476,-0.6022338362761337,-0.0070961898740118,-1.505584590690379,-0.0295674578082418,0.9739373121225366,0.9995022551496764,40,24,REGION_SENSIBLE_O_NEGATIVA
historical,HISTORICAL_CHALLENGE/year_2021,adverse,breakout_length,donchian_atr_03,donchian_atr_04,c059caf3840f4efd960a96c7b3669bbc,03ae0370e1c44d5cb95addf3e33b1c51,1.8056382212676023,1.8056382212676023,7.222552885070329,7.222552885070329,1.1249841536899148,1.1249841536899148,25,25,REGION_ESTABLE
historical,HISTORICAL_CHALLENGE/year_2021,adverse,breakout_length,donchian_atr_04,donchian_atr_05,03ae0370e1c44d5cb95addf3e33b1c51,63de382bc4e047ca991fbd0b51e4e476,1.8056382212676023,-0.0070961898740118,7.222552885070329,-0.0295674578082418,1.1249841536899148,0.9995022551496764,25,24,RESULTADO_AISLADO_EN_ARISTA
historical,HISTORICAL_CHALLENGE/year_2021,base,breakout_length,donchian_atr_00,donchian_atr_01,a76c5e6cb7a840efa3e4c5a9d3bff4f4,5bd2e23d5e364a738a51ea73f4d67f7f,5.442953229518821,5.2568653051148,12.65803076632286,12.821622695401793,1.2347046992819208,1.2351097540285962,43,41,REGION_ESTABLE
historical,HISTORICAL_CHALLENGE/year_2021,base,atr_expansion_threshold,donchian_atr_00,donchian_atr_03,a76c5e6cb7a840efa3e4c5a9d3bff4f4,d687beda999142ecade9c5552874d30a,5.442953229518821,5.523313985126799,12.65803076632286,22.09325594050717,1.2347046992819208,1.412356136824218,43,25,REGION_ESTABLE
historical,HISTORICAL_CHALLENGE/year_2021,base,breakout_length,donchian_atr_01,donchian_atr_02,5bd2e23d5e364a738a51ea73f4d67f7f,ebad6daa3d29470faad12e967fc573b8,5.2568653051148,3.290909922448071,12.821622695401793,8.227274806120304,1.2351097540285962,1.149146601486828,41,40,REGION_ESTABLE
historical,HISTORICAL_CHALLENGE/year_2021,base,atr_expansion_threshold,donchian_atr_01,donchian_atr_04,5bd2e23d5e364a738a51ea73f4d67f7f,e4d8aca87a294bfbb031fe97dc9f83ac,5.2568653051148,5.523313985126799,12.821622695401793,22.09325594050717,1.2351097540285962,1.412356136824218,41,25,REGION_ESTABLE
historical,HISTORICAL_CHALLENGE/year_2021,base,atr_expansion_threshold,donchian_atr_02,donchian_atr_05,ebad6daa3d29470faad12e967fc573b8,7002c16fe536428faa6f80031796ed39,3.290909922448071,3.5523858410779763,8.227274806120304,14.80160767115821,1.149146601486828,1.2688345141716704,40,24,REGION_ESTABLE
historical,HISTORICAL_CHALLENGE/year_2021,base,breakout_length,donchian_atr_03,donchian_atr_04,d687beda999142ecade9c5552874d30a,e4d8aca87a294bfbb031fe97dc9f83ac,5.523313985126799,5.523313985126799,22.09325594050717,22.09325594050717,1.412356136824218,1.412356136824218,25,25,REGION_ESTABLE
historical,HISTORICAL_CHALLENGE/year_2021,base,breakout_length,donchian_atr_04,donchian_atr_05,e4d8aca87a294bfbb031fe97dc9f83ac,7002c16fe536428faa6f80031796ed39,5.523313985126799,3.5523858410779763,22.09325594050717,14.80160767115821,1.412356136824218,1.2688345141716704,25,24,REGION_ESTABLE
historical,HISTORICAL_CHALLENGE/year_2022,adverse,breakout_length,donchian_atr_00,donchian_atr_01,b4addf082b38453291a8b591dc00103b,2b162eaa9592480e885052fad853ba89,8.240248834185815,10.227709139702236,11.605984273501008,14.822766869133442,1.2381983284162352,1.3058427982670735,71,69,REGION_ESTABLE
historical,HISTORICAL_CHALLENGE/year_2022,adverse,atr_expansion_threshold,donchian_atr_00,donchian_atr_03,b4addf082b38453291a8b591dc00103b,0e043474e48648aa9c1164c32059f035,8.240248834185815,13.679394802963696,11.605984273501008,26.82234275090914,1.2381983284162352,1.5601992392419617,71,51,REGION_ESTABLE
historical,HISTORICAL_CHALLENGE/year_2022,adverse,breakout_length,donchian_atr_01,donchian_atr_02,2b162eaa9592480e885052fad853ba89,cc2a40eda1b843f7979ebac7290e90cc,10.227709139702236,10.410216355432777,14.822766869133442,15.537636351391953,1.3058427982670735,1.315994040338892,69,67,REGION_ESTABLE
historical,HISTORICAL_CHALLENGE/year_2022,adverse,atr_expansion_threshold,donchian_atr_01,donchian_atr_04,2b162eaa9592480e885052fad853ba89,ba2f313f37c6439980de7694627ca91a,10.227709139702236,15.570638321669318,14.822766869133442,31.77681290136601,1.3058427982670735,1.6750311517115686,69,49,REGION_ESTABLE
historical,HISTORICAL_CHALLENGE/year_2022,adverse,atr_expansion_threshold,donchian_atr_02,donchian_atr_05,cc2a40eda1b843f7979ebac7290e90cc,cb971eab73f64d958b17655ba5999276,10.410216355432777,15.570638321669318,15.537636351391953,31.77681290136601,1.315994040338892,1.6750311517115686,67,49,REGION_ESTABLE
historical,HISTORICAL_CHALLENGE/year_2022,adverse,breakout_length,donchian_atr_03,donchian_atr_04,0e043474e48648aa9c1164c32059f035,ba2f313f37c6439980de7694627ca91a,13.679394802963696,15.570638321669318,26.82234275090914,31.77681290136601,1.5601992392419617,1.6750311517115686,51,49,REGION_ESTABLE
historical,HISTORICAL_CHALLENGE/year_2022,adverse,breakout_length,donchian_atr_04,donchian_atr_05,ba2f313f37c6439980de7694627ca91a,cb971eab73f64d958b17655ba5999276,15.570638321669318,15.570638321669318,31.77681290136601,31.77681290136601,1.6750311517115686,1.6750311517115686,49,49,REGION_ESTABLE
historical,HISTORICAL_CHALLENGE/year_2022,base,breakout_length,donchian_atr_00,donchian_atr_01,ed6494fe09234f098686612fe164a478,9e036cc5423f4ced87926ad3081f56bb,11.014929688165733,13.001627267111404,15.513985476289587,18.842938068277324,1.328001085200891,1.4008773374967525,71,69,REGION_ESTABLE
historical,HISTORICAL_CHALLENGE/year_2022,base,atr_expansion_threshold,donchian_atr_00,donchian_atr_03,ed6494fe09234f098686612fe164a478,3b393bde9e7444238d714bee0e77b54f,11.014929688165733,15.906559032181477,15.513985476289587,31.18933143564987,1.328001085200891,1.6744052185574634,71,51,REGION_ESTABLE
historical,HISTORICAL_CHALLENGE/year_2022,base,breakout_length,donchian_atr_01,donchian_atr_02,9e036cc5423f4ced87926ad3081f56bb,5563a5789bbc460a8bc4f7a9e0fae65d,13.001627267111404,13.112355947316834,18.842938068277324,19.57068051838332,1.4008773374967525,1.4102438659611458,69,67,REGION_ESTABLE
historical,HISTORICAL_CHALLENGE/year_2022,base,atr_expansion_threshold,donchian_atr_01,donchian_atr_04,9e036cc5423f4ced87926ad3081f56bb,eaca7db6a6ab45188064bf0567542641,13.001627267111404,17.79440507267658,18.842938068277324,36.31511239321763,1.4008773374967525,1.7997619410976236,69,49,REGION_ESTABLE
historical,HISTORICAL_CHALLENGE/year_2022,base,atr_expansion_threshold,donchian_atr_02,donchian_atr_05,5563a5789bbc460a8bc4f7a9e0fae65d,882c2a05fee748ce94a0bd31db0d53d5,13.112355947316834,17.79440507267658,19.57068051838332,36.31511239321763,1.4102438659611458,1.7997619410976236,67,49,REGION_ESTABLE
historical,HISTORICAL_CHALLENGE/year_2022,base,breakout_length,donchian_atr_03,donchian_atr_04,3b393bde9e7444238d714bee0e77b54f,eaca7db6a6ab45188064bf0567542641,15.906559032181477,17.79440507267658,31.18933143564987,36.31511239321763,1.6744052185574634,1.7997619410976236,51,49,REGION_ESTABLE
historical,HISTORICAL_CHALLENGE/year_2022,base,breakout_length,donchian_atr_04,donchian_atr_05,eaca7db6a6ab45188064bf0567542641,882c2a05fee748ce94a0bd31db0d53d5,17.79440507267658,17.79440507267658,36.31511239321763,36.31511239321763,1.7997619410976236,1.7997619410976236,49,49,REGION_ESTABLE
recent,diagnostic_year_2023,adverse,breakout_length,donchian_atr_00,donchian_atr_01,9c7fa1ce81fa4270bea9724bfe791569,f161b4cd17da437c9dac74dca88d555a,-8.095186529880882,-7.323435594401473,-24.53086827236632,-23.623985788391668,0.2919757384453408,0.3147793781649536,33,31,REGION_SENSIBLE_O_NEGATIVA
recent,diagnostic_year_2023,adverse,atr_expansion_threshold,donchian_atr_00,donchian_atr_03,9c7fa1ce81fa4270bea9724bfe791569,464a0801913a4d58a4bd3807be367099,-8.095186529880882,-6.836529060400065,-24.53086827236632,-25.32047800148173,0.2919757384453408,0.2915974548532967,33,27,REGION_SENSIBLE_O_NEGATIVA
recent,diagnostic_year_2023,adverse,breakout_length,donchian_atr_01,donchian_atr_02,f161b4cd17da437c9dac74dca88d555a,a217dacd32e54b0eb6d555c7cc612073,-7.323435594401473,-7.259927116193321,-23.623985788391668,-25.034231435149277,0.3147793781649536,0.269943861150807,31,29,REGION_SENSIBLE_O_NEGATIVA
recent,diagnostic_year_2023,adverse,atr_expansion_threshold,donchian_atr_01,donchian_atr_04,f161b4cd17da437c9dac74dca88d555a,546c20d21f384d9a8fcbd5646e528f44,-7.323435594401473,-6.508698107307554,-23.623985788391668,-25.033454258875096,0.3147793781649536,0.3024378543775045,31,26,REGION_SENSIBLE_O_NEGATIVA
recent,diagnostic_year_2023,adverse,atr_expansion_threshold,donchian_atr_02,donchian_atr_05,a217dacd32e54b0eb6d555c7cc612073,5236dfd1d33e4bddb77298a78fb760ad,-7.259927116193321,-6.444629999957597,-25.034231435149277,-26.85262499982316,0.269943861150807,0.2489420184123598,29,24,REGION_SENSIBLE_O_NEGATIVA
recent,diagnostic_year_2023,adverse,breakout_length,donchian_atr_03,donchian_atr_04,464a0801913a4d58a4bd3807be367099,546c20d21f384d9a8fcbd5646e528f44,-6.836529060400065,-6.508698107307554,-25.32047800148173,-25.033454258875096,0.2915974548532967,0.3024378543775045,27,26,REGION_SENSIBLE_O_NEGATIVA
recent,diagnostic_year_2023,adverse,breakout_length,donchian_atr_04,donchian_atr_05,546c20d21f384d9a8fcbd5646e528f44,5236dfd1d33e4bddb77298a78fb760ad,-6.508698107307554,-6.444629999957597,-25.033454258875096,-26.85262499982316,0.3024378543775045,0.2489420184123598,26,24,REGION_SENSIBLE_O_NEGATIVA
recent,diagnostic_year_2023,base,breakout_length,donchian_atr_00,donchian_atr_01,946d16c82eef44b7a02127159454c4c4,d0c4a346080848e19cff62348d7477e1,-7.092726908633507,-6.376422506601442,-21.493111844344032,-20.5691048600046,0.3355693772261435,0.3613511624768943,33,31,REGION_SENSIBLE_O_NEGATIVA
recent,diagnostic_year_2023,base,atr_expansion_threshold,donchian_atr_00,donchian_atr_03,946d16c82eef44b7a02127159454c4c4,b731f0f30d754845b8abe858d82dd2d3,-7.092726908633507,-6.011683524737532,-21.493111844344032,-22.26549453606516,0.3355693772261435,0.334447913820641,33,27,REGION_SENSIBLE_O_NEGATIVA
recent,diagnostic_year_2023,base,breakout_length,donchian_atr_01,donchian_atr_02,d0c4a346080848e19cff62348d7477e1,8dd2d5f360144ceea988ae35e5efde9b,-6.376422506601442,-6.3753840593465565,-20.5691048600046,-21.98408296326393,0.3613511624768943,0.311957046449505,31,29,REGION_SENSIBLE_O_NEGATIVA
recent,diagnostic_year_2023,base,atr_expansion_threshold,donchian_atr_01,donchian_atr_04,d0c4a346080848e19cff62348d7477e1,92e00c2580ab45798e9beb94eac6eeaa,-6.376422506601442,-5.713035276487699,-20.5691048600046,-21.973212601875566,0.3613511624768943,0.3464548851378017,31,26,REGION_SENSIBLE_O_NEGATIVA
recent,diagnostic_year_2023,base,atr_expansion_threshold,donchian_atr_02,donchian_atr_05,8dd2d5f360144ceea988ae35e5efde9b,322502fb5ae44d189dcfb40ea1f360c3,-6.3753840593465565,-5.711990280175272,-21.98408296326393,-23.79995950073012,0.311957046449505,0.2876262286260941,29,24,REGION_SENSIBLE_O_NEGATIVA
recent,diagnostic_year_2023,base,breakout_length,donchian_atr_03,donchian_atr_04,b731f0f30d754845b8abe858d82dd2d3,92e00c2580ab45798e9beb94eac6eeaa,-6.011683524737532,-5.713035276487699,-22.26549453606516,-21.973212601875566,0.334447913820641,0.3464548851378017,27,26,REGION_SENSIBLE_O_NEGATIVA
recent,diagnostic_year_2023,base,breakout_length,donchian_atr_04,donchian_atr_05,92e00c2580ab45798e9beb94eac6eeaa,322502fb5ae44d189dcfb40ea1f360c3,-5.713035276487699,-5.711990280175272,-21.973212601875566,-23.79995950073012,0.3464548851378017,0.2876262286260941,26,24,REGION_SENSIBLE_O_NEGATIVA
recent,diagnostic_year_2024,adverse,breakout_length,donchian_atr_00,donchian_atr_01,35ccc5357e144a60b80a236bf4f9d84b,49b0cc7496e142fea0a8054bda77bf13,-0.7588448143481363,-0.4577419843514563,-1.2647413572467352,-0.7758338717820447,0.9696957598936174,0.981547932392109,60,59,REGION_SENSIBLE_O_NEGATIVA
recent,diagnostic_year_2024,adverse,atr_expansion_threshold,donchian_atr_00,donchian_atr_03,35ccc5357e144a60b80a236bf4f9d84b,66f73e9bd81c4aaba24d0bf497df3dc0,-0.7588448143481363,-2.25572762980335,-1.2647413572467352,-5.126653704098582,0.9696957598936174,0.8871871279272862,60,44,REGION_SENSIBLE_O_NEGATIVA
recent,diagnostic_year_2024,adverse,breakout_length,donchian_atr_01,donchian_atr_02,49b0cc7496e142fea0a8054bda77bf13,75c40ca6cbee4de29fff9a70ff29ffc8,-0.4577419843514563,0.1421559883332257,-0.7758338717820447,0.2450965316090961,0.981547932392109,1.0058649170508618,59,58,RESULTADO_AISLADO_EN_ARISTA
recent,diagnostic_year_2024,adverse,atr_expansion_threshold,donchian_atr_01,donchian_atr_04,49b0cc7496e142fea0a8054bda77bf13,0d58de13c1ce458680c63d3353d11796,-0.4577419843514563,-2.25572762980335,-0.7758338717820447,-5.126653704098582,0.981547932392109,0.8871871279272862,59,44,REGION_SENSIBLE_O_NEGATIVA
recent,diagnostic_year_2024,adverse,atr_expansion_threshold,donchian_atr_02,donchian_atr_05,75c40ca6cbee4de29fff9a70ff29ffc8,a654e1cf1f6843849bab1ecfdaa08ba0,0.1421559883332257,-2.25572762980335,0.2450965316090961,-5.126653704098582,1.0058649170508618,0.8871871279272862,58,44,RESULTADO_AISLADO_EN_ARISTA
recent,diagnostic_year_2024,adverse,breakout_length,donchian_atr_03,donchian_atr_04,66f73e9bd81c4aaba24d0bf497df3dc0,0d58de13c1ce458680c63d3353d11796,-2.25572762980335,-2.25572762980335,-5.126653704098582,-5.126653704098582,0.8871871279272862,0.8871871279272862,44,44,REGION_SENSIBLE_O_NEGATIVA
recent,diagnostic_year_2024,adverse,breakout_length,donchian_atr_04,donchian_atr_05,0d58de13c1ce458680c63d3353d11796,a654e1cf1f6843849bab1ecfdaa08ba0,-2.25572762980335,-2.25572762980335,-5.126653704098582,-5.126653704098582,0.8871871279272862,0.8871871279272862,44,44,REGION_SENSIBLE_O_NEGATIVA
recent,diagnostic_year_2024,base,breakout_length,donchian_atr_00,donchian_atr_01,92e7db64f9724ac2ba6c18841f7d7a71,ce3016cf15b0499092b46d051dfdbfdf,0.9193499878156208,1.1911527662878507,1.482822560992997,1.952709452930866,1.0367791282209595,1.048056748015009,62,61,REGION_ESTABLE
recent,diagnostic_year_2024,base,atr_expansion_threshold,donchian_atr_00,donchian_atr_03,92e7db64f9724ac2ba6c18841f7d7a71,b7ef6bf2425449e3b903f4d6a83c6dd7,0.9193499878156208,-0.3212640530898314,1.482822560992997,-0.7139201179774252,1.0367791282209595,0.9834853780277156,62,45,RESULTADO_AISLADO_EN_ARISTA
recent,diagnostic_year_2024,base,breakout_length,donchian_atr_01,donchian_atr_02,ce3016cf15b0499092b46d051dfdbfdf,27d628d6a97846acb587a4cb71c55fe0,1.1911527662878507,1.7660928452460034,1.952709452930866,2.9434880754100456,1.048056748015009,1.07285197254125,61,60,REGION_ESTABLE
recent,diagnostic_year_2024,base,atr_expansion_threshold,donchian_atr_01,donchian_atr_04,ce3016cf15b0499092b46d051dfdbfdf,92c1e8865c6f4804a4dcb7f79ede23ec,1.1911527662878507,-0.3212640530898314,1.952709452930866,-0.7139201179774252,1.048056748015009,0.9834853780277156,61,45,RESULTADO_AISLADO_EN_ARISTA
recent,diagnostic_year_2024,base,atr_expansion_threshold,donchian_atr_02,donchian_atr_05,27d628d6a97846acb587a4cb71c55fe0,b444796d7d0a47958c54c2efce3b90a4,1.7660928452460034,-0.3212640530898314,2.9434880754100456,-0.7139201179774252,1.07285197254125,0.9834853780277156,60,45,RESULTADO_AISLADO_EN_ARISTA
recent,diagnostic_year_2024,base,breakout_length,donchian_atr_03,donchian_atr_04,b7ef6bf2425449e3b903f4d6a83c6dd7,92c1e8865c6f4804a4dcb7f79ede23ec,-0.3212640530898314,-0.3212640530898314,-0.7139201179774252,-0.7139201179774252,0.9834853780277156,0.9834853780277156,45,45,REGION_SENSIBLE_O_NEGATIVA
recent,diagnostic_year_2024,base,breakout_length,donchian_atr_04,donchian_atr_05,92c1e8865c6f4804a4dcb7f79ede23ec,b444796d7d0a47958c54c2efce3b90a4,-0.3212640530898314,-0.3212640530898314,-0.7139201179774252,-0.7139201179774252,0.9834853780277156,0.9834853780277156,45,45,REGION_SENSIBLE_O_NEGATIVA
recent,diagnostic_year_2025,adverse,breakout_length,donchian_atr_00,donchian_atr_01,79b6f0cd14774339825ecf4cfd95fce9,a8dd3ff9b4d94cbdace99518580ca85d,5.837461312388781,7.068524119842334,9.265811606966272,11.587744458757824,1.1935598958282216,1.243325090986474,63,61,REGION_ESTABLE
recent,diagnostic_year_2025,adverse,atr_expansion_threshold,donchian_atr_00,donchian_atr_03,79b6f0cd14774339825ecf4cfd95fce9,ce56873bce1f4832b757b0bc255700be,5.837461312388781,11.09531909241861,9.265811606966272,24.12025889656221,1.1935598958282216,1.5343705446578766,63,46,REGION_ESTABLE
recent,diagnostic_year_2025,adverse,breakout_length,donchian_atr_01,donchian_atr_02,a8dd3ff9b4d94cbdace99518580ca85d,242e3c150a8b4aa880c61e452f832629,7.068524119842334,7.621897736484895,11.587744458757824,12.703162894141451,1.243325090986474,1.2655083328442431,61,60,REGION_ESTABLE
recent,diagnostic_year_2025,adverse,atr_expansion_threshold,donchian_atr_01,donchian_atr_04,a8dd3ff9b4d94cbdace99518580ca85d,780bc062273345a0b7b16820eabe149c,7.068524119842334,11.801865705567472,11.587744458757824,26.22636823459455,1.243325090986474,1.5851691813540838,61,45,REGION_ESTABLE
recent,diagnostic_year_2025,adverse,atr_expansion_threshold,donchian_atr_02,donchian_atr_05,242e3c150a8b4aa880c61e452f832629,918158e1cd784c0e9dbe9b27a973801a,7.621897736484895,11.929790234979489,12.703162894141451,26.51064496662103,1.2655083328442431,1.5911772054175877,60,45,REGION_ESTABLE
recent,diagnostic_year_2025,adverse,breakout_length,donchian_atr_03,donchian_atr_04,ce56873bce1f4832b757b0bc255700be,780bc062273345a0b7b16820eabe149c,11.09531909241861,11.801865705567472,24.12025889656221,26.22636823459455,1.5343705446578766,1.5851691813540838,46,45,REGION_ESTABLE
recent,diagnostic_year_2025,adverse,breakout_length,donchian_atr_04,donchian_atr_05,780bc062273345a0b7b16820eabe149c,918158e1cd784c0e9dbe9b27a973801a,11.801865705567472,11.929790234979489,26.22636823459455,26.51064496662103,1.5851691813540838,1.5911772054175877,45,45,REGION_ESTABLE
recent,diagnostic_year_2025,base,breakout_length,donchian_atr_00,donchian_atr_01,6b2d45e5e0834affbc15aab0a678e9c6,0f97421b8732488da629986155893a51,7.850136695580567,9.029878052693372,12.460534437429615,14.803078774907233,1.2661827866551,1.3175914281267438,63,61,REGION_ESTABLE
recent,diagnostic_year_2025,base,atr_expansion_threshold,donchian_atr_00,donchian_atr_03,6b2d45e5e0834affbc15aab0a678e9c6,40abb5fb23ef44fd8350a70b76469f5a,7.850136695580567,12.580988761045964,12.460534437429615,27.349975567491214,1.2661827866551,1.6171248270433989,63,46,REGION_ESTABLE
recent,diagnostic_year_2025,base,breakout_length,donchian_atr_01,donchian_atr_02,0f97421b8732488da629986155893a51,5ef729a9f8b3430182df8d5e0678ad00,9.029878052693372,9.555912364397413,14.803078774907233,15.926520607329058,1.3175914281267438,1.3398837279548923,61,60,REGION_ESTABLE
recent,diagnostic_year_2025,base,atr_expansion_threshold,donchian_atr_01,donchian_atr_04,0f97421b8732488da629986155893a51,9f26cd76d87b4489aaa5d1c535a4c22a,9.029878052693372,13.258108446133043,14.803078774907233,29.462463213628972,1.3175914281267438,1.6689670319711738,61,45,REGION_ESTABLE
recent,diagnostic_year_2025,base,atr_expansion_threshold,donchian_atr_02,donchian_atr_05,5ef729a9f8b3430182df8d5e0678ad00,d5ecbc42e22c47a786d55b6121080973,9.555912364397413,13.387561257568349,15.926520607329058,29.75013612792972,1.3398837279548923,1.6751161712878355,60,45,REGION_ESTABLE
recent,diagnostic_year_2025,base,breakout_length,donchian_atr_03,donchian_atr_04,40abb5fb23ef44fd8350a70b76469f5a,9f26cd76d87b4489aaa5d1c535a4c22a,12.580988761045964,13.258108446133043,27.349975567491214,29.462463213628972,1.6171248270433989,1.6689670319711738,46,45,REGION_ESTABLE
recent,diagnostic_year_2025,base,breakout_length,donchian_atr_04,donchian_atr_05,9f26cd76d87b4489aaa5d1c535a4c22a,d5ecbc42e22c47a786d55b6121080973,13.258108446133043,13.387561257568349,29.462463213628972,29.75013612792972,1.6689670319711738,1.6751161712878355,45,45,REGION_ESTABLE
recent,diagnostic_year_2026,adverse,breakout_length,donchian_atr_00,donchian_atr_01,617ee622ed084083bfd99ec8a79b0ce3,fb1516870a7842d39284bb754b8e5ce7,0.1146412192657431,1.0043830695576128,0.309841133150607,2.869665913021753,1.007962016131292,1.0743504209990995,37,35,REGION_ESTABLE
recent,diagnostic_year_2026,adverse,atr_expansion_threshold,donchian_atr_00,donchian_atr_03,617ee622ed084083bfd99ec8a79b0ce3,0e7367db0f874a1cae292711a3cad2d0,0.1146412192657431,0.7287497499110618,0.309841133150607,2.512930172107005,1.007962016131292,1.0653280891258474,37,29,REGION_ESTABLE
recent,diagnostic_year_2026,adverse,breakout_length,donchian_atr_01,donchian_atr_02,fb1516870a7842d39284bb754b8e5ce7,03e1701098664a1da6a74d5c59daae27,1.0043830695576128,-1.054463890139301,2.869665913021753,-3.1953451216341686,1.0743504209990995,0.9219573014135904,35,33,RESULTADO_AISLADO_EN_ARISTA
recent,diagnostic_year_2026,adverse,atr_expansion_threshold,donchian_atr_01,donchian_atr_04,fb1516870a7842d39284bb754b8e5ce7,6ae586981b9c415fb93132c9cadfa698,1.0043830695576128,1.623949196530683,2.869665913021753,6.014626653817253,1.0743504209990995,1.158279203359455,35,27,REGION_ESTABLE
recent,diagnostic_year_2026,adverse,atr_expansion_threshold,donchian_atr_02,donchian_atr_05,03e1701098664a1da6a74d5c59daae27,7823bf9ad3b94d4cb66ea35aead64557,-1.054463890139301,0.2335952403541341,-3.1953451216341686,0.9733135014754596,0.9219573014135904,1.024207290665854,33,24,RESULTADO_AISLADO_EN_ARISTA
recent,diagnostic_year_2026,adverse,breakout_length,donchian_atr_03,donchian_atr_04,0e7367db0f874a1cae292711a3cad2d0,6ae586981b9c415fb93132c9cadfa698,0.7287497499110618,1.623949196530683,2.512930172107005,6.014626653817253,1.0653280891258474,1.158279203359455,29,27,REGION_ESTABLE
recent,diagnostic_year_2026,adverse,breakout_length,donchian_atr_04,donchian_atr_05,6ae586981b9c415fb93132c9cadfa698,7823bf9ad3b94d4cb66ea35aead64557,1.623949196530683,0.2335952403541341,6.014626653817253,0.9733135014754596,1.158279203359455,1.024207290665854,27,24,REGION_ESTABLE
recent,diagnostic_year_2026,base,breakout_length,donchian_atr_00,donchian_atr_01,e53a3a266b234afcbf6e9606e894344b,1ffc60689d9147b58b3530fb5a433c43,0.6787679859564744,1.504234781514091,1.786231541990802,4.178429948650254,1.0474087596508077,1.111491800894722,38,36,REGION_ESTABLE
recent,diagnostic_year_2026,base,atr_expansion_threshold,donchian_atr_00,donchian_atr_03,e53a3a266b234afcbf6e9606e894344b,d7573b10635c4c848355c283228e175b,0.6787679859564744,1.0583366865037247,1.786231541990802,3.5277889550124684,1.0474087596508077,1.0945058579219435,38,30,REGION_ESTABLE
recent,diagnostic_year_2026,base,breakout_length,donchian_atr_01,donchian_atr_02,1ffc60689d9147b58b3530fb5a433c43,2732b175ba82422e9f3d5d4fb1d40df5,1.504234781514091,-0.6296043459579792,4.178429948650254,-1.8517774881116835,1.111491800894722,0.9533551546292024,36,34,RESULTADO_AISLADO_EN_ARISTA
recent,diagnostic_year_2026,base,atr_expansion_threshold,donchian_atr_01,donchian_atr_04,1ffc60689d9147b58b3530fb5a433c43,d7e2cfa4fe5e4a61944f2e04d7c086d9,1.504234781514091,1.8869157904603415,4.178429948650254,6.7389849659297045,1.111491800894722,1.1819580973015107,36,28,REGION_ESTABLE
recent,diagnostic_year_2026,base,atr_expansion_threshold,donchian_atr_02,donchian_atr_05,2732b175ba82422e9f3d5d4fb1d40df5,ab8c24c5e66f403cb8759cf4374a1359,-0.6296043459579792,0.3929615174889989,-1.8517774881116835,1.5718460699562318,0.9533551546292024,1.040119365206605,34,25,RESULTADO_AISLADO_EN_ARISTA
recent,diagnostic_year_2026,base,breakout_length,donchian_atr_03,donchian_atr_04,d7573b10635c4c848355c283228e175b,d7e2cfa4fe5e4a61944f2e04d7c086d9,1.0583366865037247,1.8869157904603415,3.5277889550124684,6.7389849659297045,1.0945058579219435,1.1819580973015107,30,28,REGION_ESTABLE
recent,diagnostic_year_2026,base,breakout_length,donchian_atr_04,donchian_atr_05,d7e2cfa4fe5e4a61944f2e04d7c086d9,ab8c24c5e66f403cb8759cf4374a1359,1.8869157904603415,0.3929615174889989,6.7389849659297045,1.5718460699562318,1.1819580973015107,1.040119365206605,28,25,REGION_ESTABLE
recent,test,adverse,breakout_length,donchian_atr_00,donchian_atr_01,42c07221b11145e09ab067a2e33c0acd,cef759945c584deea3664286ef19e0ce,1.1383787881736884,2.5717358973046838,1.6990728181697263,4.0183373395384905,1.0401252475794698,1.0951998283587585,67,64,REGION_ESTABLE
recent,test,adverse,atr_expansion_threshold,donchian_atr_00,donchian_atr_03,42c07221b11145e09ab067a2e33c0acd,e824997c9f554815b58efb97889618e3,1.1383787881736884,4.0436830761628295,1.6990728181697263,7.928790345417406,1.0401252475794698,1.1923622414734616,67,51,REGION_ESTABLE
recent,test,adverse,breakout_length,donchian_atr_01,donchian_atr_02,cef759945c584deea3664286ef19e0ce,63d214cdd8f14054af6a580504d9090d,2.5717358973046838,0.5572479320443025,4.0183373395384905,0.8987869871682406,1.0951998283587585,1.0206144697383173,64,62,REGION_ESTABLE
recent,test,adverse,atr_expansion_threshold,donchian_atr_01,donchian_atr_04,cef759945c584deea3664286ef19e0ce,9f4ba9c7bc62470fa03a7645c8ad745d,2.5717358973046838,4.968343187007163,4.0183373395384905,10.139475891851353,1.0951998283587585,1.2472239440371118,64,49,REGION_ESTABLE
recent,test,adverse,atr_expansion_threshold,donchian_atr_02,donchian_atr_05,63d214cdd8f14054af6a580504d9090d,92ccb6abe203436aa45e8b53d3f9fde6,0.5572479320443025,3.610856631892712,0.8987869871682406,7.8496883302013885,1.0206144697383173,1.1853805391238537,62,46,REGION_ESTABLE
recent,test,adverse,breakout_length,donchian_atr_03,donchian_atr_04,e824997c9f554815b58efb97889618e3,9f4ba9c7bc62470fa03a7645c8ad745d,4.0436830761628295,4.968343187007163,7.928790345417406,10.139475891851353,1.1923622414734616,1.2472239440371118,51,49,REGION_ESTABLE
recent,test,adverse,breakout_length,donchian_atr_04,donchian_atr_05,9f4ba9c7bc62470fa03a7645c8ad745d,92ccb6abe203436aa45e8b53d3f9fde6,4.968343187007163,3.610856631892712,10.139475891851353,7.8496883302013885,1.2472239440371118,1.1853805391238537,49,46,REGION_ESTABLE
recent,test,base,breakout_length,donchian_atr_00,donchian_atr_01,9834fe4e38f64f3fbfa74408923bc63a,8ed2a467f3f5407a92cc7a47bcbcce92,2.6683040533952878,4.016734424838164,3.9239765491107903,6.179591422828048,1.0953903197802872,1.1504456720477512,68,65,REGION_ESTABLE
recent,test,base,atr_expansion_threshold,donchian_atr_00,donchian_atr_03,9834fe4e38f64f3fbfa74408923bc63a,02f807b3e6734ceb8632cec814aface1,2.6683040533952878,5.083593588693258,3.9239765491107903,9.776141516717855,1.0953903197802872,1.2436629687311889,68,52,REGION_ESTABLE
recent,test,base,breakout_length,donchian_atr_01,donchian_atr_02,8ed2a467f3f5407a92cc7a47bcbcce92,b8636398bdbf45098f420601b59391d6,4.016734424838164,1.9073274989861664,6.179591422828048,3.0275039666448467,1.1504456720477512,1.0713816670128105,65,63,REGION_ESTABLE
recent,test,base,atr_expansion_threshold,donchian_atr_01,donchian_atr_04,8ed2a467f3f5407a92cc7a47bcbcce92,580f19ae128a465b87ff6e842de746eb,4.016734424838164,5.94517596628954,6.179591422828048,11.89035193257911,1.1504456720477512,1.2972344929791908,65,50,REGION_ESTABLE
recent,test,base,atr_expansion_threshold,donchian_atr_02,donchian_atr_05,b8636398bdbf45098f420601b59391d6,68838f625a7845f0a14cf745f2537bef,1.9073274989861664,4.470911408047895,3.0275039666448467,9.512577463931558,1.0713816670128105,1.2302763910321255,63,47,REGION_ESTABLE
recent,test,base,breakout_length,donchian_atr_03,donchian_atr_04,02f807b3e6734ceb8632cec814aface1,580f19ae128a465b87ff6e842de746eb,5.083593588693258,5.94517596628954,9.776141516717855,11.89035193257911,1.2436629687311889,1.2972344929791908,52,50,REGION_ESTABLE
recent,test,base,breakout_length,donchian_atr_04,donchian_atr_05,580f19ae128a465b87ff6e842de746eb,68838f625a7845f0a14cf745f2537bef,5.94517596628954,4.470911408047895,11.89035193257911,9.512577463931558,1.2972344929791908,1.2302763910321255,50,47,REGION_ESTABLE
recent,train,adverse,breakout_length,donchian_atr_00,donchian_atr_01,6ebeceed1be44ea48dcc281a80fddd38,ff049b6d0b4a42d191e26cc3afc9e1fc,-9.702188534255562,-8.667656290178893,-16.444387346195814,-15.47795766103371,0.5516620587058368,0.5817659918027002,59,56,REGION_SENSIBLE_O_NEGATIVA
recent,train,adverse,atr_expansion_threshold,donchian_atr_00,donchian_atr_03,6ebeceed1be44ea48dcc281a80fddd38,f12833c236a64fc8987cecca6468164d,-9.702188534255562,-8.954140423196533,-16.444387346195814,-19.89808982932574,0.5516620587058368,0.4896492954203184,59,45,REGION_SENSIBLE_O_NEGATIVA
recent,train,adverse,breakout_length,donchian_atr_01,donchian_atr_02,ff049b6d0b4a42d191e26cc3afc9e1fc,d12d689d659b4cf2843638024096038e,-8.667656290178893,-8.605071935096753,-15.47795766103371,-15.93531839832724,0.5817659918027002,0.5694866340289972,56,54,REGION_SENSIBLE_O_NEGATIVA
recent,train,adverse,atr_expansion_threshold,donchian_atr_01,donchian_atr_04,ff049b6d0b4a42d191e26cc3afc9e1fc,2a6d5ea759914484b47565b472844415,-8.667656290178893,-8.633762814136347,-15.47795766103371,-19.6221882139462,0.5817659918027002,0.4995749822168934,56,44,REGION_SENSIBLE_O_NEGATIVA
recent,train,adverse,atr_expansion_threshold,donchian_atr_02,donchian_atr_05,d12d689d659b4cf2843638024096038e,3d9f21bb838441a0a26d75dc77778fc9,-8.605071935096753,-8.571149346587504,-15.93531839832724,-20.407498444255893,0.5694866340289972,0.4808004057380953,54,42,REGION_SENSIBLE_O_NEGATIVA
recent,train,adverse,breakout_length,donchian_atr_03,donchian_atr_04,f12833c236a64fc8987cecca6468164d,2a6d5ea759914484b47565b472844415,-8.954140423196533,-8.633762814136347,-19.89808982932574,-19.6221882139462,0.4896492954203184,0.4995749822168934,45,44,REGION_SENSIBLE_O_NEGATIVA
recent,train,adverse,breakout_length,donchian_atr_04,donchian_atr_05,2a6d5ea759914484b47565b472844415,3d9f21bb838441a0a26d75dc77778fc9,-8.633762814136347,-8.571149346587504,-19.6221882139462,-20.407498444255893,0.4995749822168934,0.4808004057380953,44,42,REGION_SENSIBLE_O_NEGATIVA
recent,train,base,breakout_length,donchian_atr_00,donchian_atr_01,b8723678ab154b20b0a084d4473e110a,a3bf8e8b459c457294c431e6b4c51375,-8.18138091330911,-7.22426423471858,-13.412099857883709,-12.45562799089422,0.6168569569616714,0.6478411689414839,61,58,REGION_SENSIBLE_O_NEGATIVA
recent,train,base,atr_expansion_threshold,donchian_atr_00,donchian_atr_03,b8723678ab154b20b0a084d4473e110a,88919b3ba6d9468ca662e541ef7e19dd,-8.18138091330911,-7.098193110290119,-13.412099857883709,-15.430854587587426,0.6168569569616714,0.5760228904332436,61,46,REGION_SENSIBLE_O_NEGATIVA
recent,train,base,breakout_length,donchian_atr_01,donchian_atr_02,a3bf8e8b459c457294c431e6b4c51375,6def503865814554987af189861dcdd2,-7.22426423471858,-7.223233074312263,-12.45562799089422,-12.898630489843402,0.6478411689414839,0.6351177296885511,58,56,REGION_SENSIBLE_O_NEGATIVA
recent,train,base,atr_expansion_threshold,donchian_atr_01,donchian_atr_04,a3bf8e8b459c457294c431e6b4c51375,a829314d04e64ce8bf44aa4b3a74b597,-7.22426423471858,-6.802999514086039,-12.45562799089422,-15.117776697968916,0.6478411689414839,0.5870815020361595,58,45,REGION_SENSIBLE_O_NEGATIVA
recent,train,base,atr_expansion_threshold,donchian_atr_02,donchian_atr_05,6def503865814554987af189861dcdd2,e000f7d1c3e341fa96ca8272a60bcf2f,-7.223233074312263,-6.801966375259494,-12.898630489843402,-15.8185264540917,0.6351177296885511,0.5681875662208974,56,43,REGION_SENSIBLE_O_NEGATIVA
recent,train,base,breakout_length,donchian_atr_03,donchian_atr_04,88919b3ba6d9468ca662e541ef7e19dd,a829314d04e64ce8bf44aa4b3a74b597,-7.098193110290119,-6.802999514086039,-15.430854587587426,-15.117776697968916,0.5760228904332436,0.5870815020361595,46,45,REGION_SENSIBLE_O_NEGATIVA
recent,train,base,breakout_length,donchian_atr_04,donchian_atr_05,a829314d04e64ce8bf44aa4b3a74b597,e000f7d1c3e341fa96ca8272a60bcf2f,-6.802999514086039,-6.801966375259494,-15.117776697968916,-15.8185264540917,0.5870815020361595,0.5681875662208974,45,43,REGION_SENSIBLE_O_NEGATIVA
recent,validation,adverse,breakout_length,donchian_atr_00,donchian_atr_01,81765cc7b3cd40c9b383fd691ff66219,4d746512f47a43a7b714d58cdb0ebdb3,1.0073122897933828,1.0073122897933828,2.9626832052747147,2.9626832052747147,1.0710226528270617,1.0710226528270617,34,34,REGION_ESTABLE
recent,validation,adverse,atr_expansion_threshold,donchian_atr_00,donchian_atr_03,81765cc7b3cd40c9b383fd691ff66219,08b5fbc540c645219a9bcd0e226fb43c,1.0073122897933828,0.0176816707507798,2.9626832052747147,0.0680064259647422,1.0710226528270617,1.001499778094394,34,26,REGION_ESTABLE
recent,validation,adverse,breakout_length,donchian_atr_01,donchian_atr_02,4d746512f47a43a7b714d58cdb0ebdb3,3fc7dd5681b44cc1b70af38fb8fa57f6,1.0073122897933828,1.616038120550778,2.9626832052747147,4.897085213790476,1.0710226528270617,1.1187749802816582,34,33,REGION_ESTABLE
recent,validation,adverse,atr_expansion_threshold,donchian_atr_01,donchian_atr_04,4d746512f47a43a7b714d58cdb0ebdb3,c90476a092114b7185d5fa04f2801b68,1.0073122897933828,0.0176816707507798,2.9626832052747147,0.0680064259647422,1.0710226528270617,1.001499778094394,34,26,REGION_ESTABLE
recent,validation,adverse,atr_expansion_threshold,donchian_atr_02,donchian_atr_05,3fc7dd5681b44cc1b70af38fb8fa57f6,034a34fd5f8d4dd494a004e85e033662,1.616038120550778,0.0176816707507798,4.897085213790476,0.0680064259647422,1.1187749802816582,1.001499778094394,33,26,REGION_ESTABLE
recent,validation,adverse,breakout_length,donchian_atr_03,donchian_atr_04,08b5fbc540c645219a9bcd0e226fb43c,c90476a092114b7185d5fa04f2801b68,0.0176816707507798,0.0176816707507798,0.0680064259647422,0.0680064259647422,1.001499778094394,1.001499778094394,26,26,REGION_ESTABLE
recent,validation,adverse,breakout_length,donchian_atr_04,donchian_atr_05,c90476a092114b7185d5fa04f2801b68,034a34fd5f8d4dd494a004e85e033662,0.0176816707507798,0.0176816707507798,0.0680064259647422,0.0680064259647422,1.001499778094394,1.001499778094394,26,26,REGION_ESTABLE
recent,validation,base,breakout_length,donchian_atr_00,donchian_atr_01,95e401341ff947939d9fa3ac4554378a,c122df20c69a4f22ac5a2010df9ee60a,2.1159040341452107,2.1159040341452107,6.223247159250735,6.223247159250735,1.1548642622001584,1.1548642622001584,34,34,REGION_ESTABLE
recent,validation,base,atr_expansion_threshold,donchian_atr_00,donchian_atr_03,95e401341ff947939d9fa3ac4554378a,bb884692d73849d99ead7a0bd625d129,2.1159040341452107,0.8445079687169788,6.223247159250735,3.248107571988264,1.1548642622001584,1.074193613020432,34,26,REGION_ESTABLE
recent,validation,base,breakout_length,donchian_atr_01,donchian_atr_02,c122df20c69a4f22ac5a2010df9ee60a,88add49ff8394e3e8ba1ca1eafc80c6f,2.1159040341452107,2.696098180722561,6.223247159250735,8.169994487038165,1.1548642622001584,1.205592138278561,34,33,REGION_ESTABLE
recent,validation,base,atr_expansion_threshold,donchian_atr_01,donchian_atr_04,c122df20c69a4f22ac5a2010df9ee60a,f96dc49ebcac4155a00123c436ee4eff,2.1159040341452107,0.8445079687169788,6.223247159250735,3.248107571988264,1.1548642622001584,1.074193613020432,34,26,REGION_ESTABLE
recent,validation,base,atr_expansion_threshold,donchian_atr_02,donchian_atr_05,88add49ff8394e3e8ba1ca1eafc80c6f,18c6eed06b064a25a6ca315c76e6f172,2.696098180722561,0.8445079687169788,8.169994487038165,3.248107571988264,1.205592138278561,1.074193613020432,33,26,REGION_ESTABLE
recent,validation,base,breakout_length,donchian_atr_03,donchian_atr_04,bb884692d73849d99ead7a0bd625d129,f96dc49ebcac4155a00123c436ee4eff,0.8445079687169788,0.8445079687169788,3.248107571988264,3.248107571988264,1.074193613020432,1.074193613020432,26,26,REGION_ESTABLE
recent,validation,base,breakout_length,donchian_atr_04,donchian_atr_05,f96dc49ebcac4155a00123c436ee4eff,18c6eed06b064a25a6ca315c76e6f172,0.8445079687169788,0.8445079687169788,3.248107571988264,3.248107571988264,1.074193613020432,1.074193613020432,26,26,REGION_ESTABLE
recent,wf_0_train,adverse,breakout_length,donchian_atr_00,donchian_atr_01,6a0ac6f336ce4492bf62e5475996085d,6d2fa80644614691b36050860eaa7bd2,-8.449268654157226,-7.848362107534701,-15.646793803994717,-15.093004052951397,0.5767165742572856,0.5958922119770109,54,52,REGION_SENSIBLE_O_NEGATIVA
recent,wf_0_train,adverse,atr_expansion_threshold,donchian_atr_00,donchian_atr_03,6a0ac6f336ce4492bf62e5475996085d,057c6b3adf874591beaaa43c3de2265f,-8.449268654157226,-8.13741563050735,-15.646793803994717,-19.847355196359462,0.5767165742572856,0.4981115240526106,54,41,REGION_SENSIBLE_O_NEGATIVA
recent,wf_0_train,adverse,breakout_length,donchian_atr_01,donchian_atr_02,6d2fa80644614691b36050860eaa7bd2,fe6bee4681f44b2e84ae45c671ef798c,-7.848362107534701,-7.785214721268529,-15.093004052951397,-15.57042944253709,0.5958922119770109,0.5831961505111475,52,50,REGION_SENSIBLE_O_NEGATIVA
recent,wf_0_train,adverse,atr_expansion_threshold,donchian_atr_01,donchian_atr_04,6d2fa80644614691b36050860eaa7bd2,00816938eb6b4ffa938f53122d82841d,-7.848362107534701,-7.814159195013204,-15.093004052951397,-19.535397987533,0.5958922119770109,0.5091225289398037,52,40,REGION_SENSIBLE_O_NEGATIVA
recent,wf_0_train,adverse,atr_expansion_threshold,donchian_atr_02,donchian_atr_05,fe6bee4681f44b2e84ae45c671ef798c,d586ac64dd3a4756bec43705de43b4c3,-7.785214721268529,-7.750990085290088,-15.57042944253709,-20.397342329710607,0.5831961505111475,0.488977495494263,50,38,REGION_SENSIBLE_O_NEGATIVA
recent,wf_0_train,adverse,breakout_length,donchian_atr_03,donchian_atr_04,057c6b3adf874591beaaa43c3de2265f,00816938eb6b4ffa938f53122d82841d,-8.13741563050735,-7.814159195013204,-19.847355196359462,-19.535397987533,0.4981115240526106,0.5091225289398037,41,40,REGION_SENSIBLE_O_NEGATIVA
recent,wf_0_train,adverse,breakout_length,donchian_atr_04,donchian_atr_05,00816938eb6b4ffa938f53122d82841d,d586ac64dd3a4756bec43705de43b4c3,-7.814159195013204,-7.750990085290088,-19.535397987533,-20.397342329710607,0.5091225289398037,0.488977495494263,40,38,REGION_SENSIBLE_O_NEGATIVA
recent,wf_0_train,base,breakout_length,donchian_atr_00,donchian_atr_01,e2f0ce0249e44346a349a625afca277d,0b2f7c338dca43fdb2000905ae56b4a3,-7.065232657416853,-6.518834946145324,-12.616486888244284,-12.07191656693557,0.6426773309422542,0.6619779158734485,56,54,REGION_SENSIBLE_O_NEGATIVA
recent,wf_0_train,base,atr_expansion_threshold,donchian_atr_00,donchian_atr_03,e2f0ce0249e44346a349a625afca277d,f8907fce31d04b0e849da39a7d0208af,-7.065232657416853,-6.391809359374112,-12.616486888244284,-15.218593712795348,0.6426773309422542,0.5872060039091602,56,42,REGION_SENSIBLE_O_NEGATIVA
recent,wf_0_train,base,breakout_length,donchian_atr_01,donchian_atr_02,0b2f7c338dca43fdb2000905ae56b4a3,16367f83d8ae450294324c390e49ddd1,-6.518834946145324,-6.517801109794085,-12.07191656693557,-12.5342329034501,0.6619779158734485,0.6488560292159496,54,52,REGION_SENSIBLE_O_NEGATIVA
recent,wf_0_train,base,atr_expansion_threshold,donchian_atr_01,donchian_atr_04,0b2f7c338dca43fdb2000905ae56b4a3,93281c3c7bf74af7a2c7380ea5ab251c,-6.518834946145324,-6.094369012977873,-12.07191656693557,-14.864314665799606,0.6619779158734485,0.599468700191433,54,41,REGION_SENSIBLE_O_NEGATIVA
recent,wf_0_train,base,atr_expansion_threshold,donchian_atr_02,donchian_atr_05,16367f83d8ae450294324c390e49ddd1,c26f9a7219b843e7ab7bb8bfac9c8c69,-6.517801109794085,-6.093328813801946,-12.5342329034501,-15.623920035389633,0.6488560292159496,0.5793915492262584,52,39,REGION_SENSIBLE_O_NEGATIVA
recent,wf_0_train,base,breakout_length,donchian_atr_03,donchian_atr_04,f8907fce31d04b0e849da39a7d0208af,93281c3c7bf74af7a2c7380ea5ab251c,-6.391809359374112,-6.094369012977873,-15.218593712795348,-14.864314665799606,0.5872060039091602,0.599468700191433,42,41,REGION_SENSIBLE_O_NEGATIVA
recent,wf_0_train,base,breakout_length,donchian_atr_04,donchian_atr_05,93281c3c7bf74af7a2c7380ea5ab251c,c26f9a7219b843e7ab7bb8bfac9c8c69,-6.094369012977873,-6.093328813801946,-14.864314665799606,-15.623920035389633,0.599468700191433,0.5793915492262584,41,39,REGION_SENSIBLE_O_NEGATIVA
recent,wf_1_train,adverse,breakout_length,donchian_atr_00,donchian_atr_01,5c3d6ad66ad943cd9307de3238a76295,aa50f188cc1f4cf48af4c07a1186c4df,-2.1252304692375934,-1.8282687524047487,-3.728474507434478,-3.2647656292943106,0.9053461989919548,0.9176739077334712,57,56,REGION_SENSIBLE_O_NEGATIVA
recent,wf_1_train,adverse,atr_expansion_threshold,donchian_atr_00,donchian_atr_03,5c3d6ad66ad943cd9307de3238a76295,902335d494e4419aa1c24392406249a4,-2.1252304692375934,-3.92914393282413,-3.728474507434478,-8.929872574600337,0.9053461989919548,0.7933921358687133,57,44,REGION_SENSIBLE_O_NEGATIVA
recent,wf_1_train,adverse,breakout_length,donchian_atr_01,donchian_atr_02,aa50f188cc1f4cf48af4c07a1186c4df,cd4ef21ed7fd4a0e9ed250b7b4e087aa,-1.8282687524047487,-1.1689529092860915,-3.2647656292943106,-2.2055715269549565,0.9176739077334712,0.9439383065980989,56,53,REGION_SENSIBLE_O_NEGATIVA
recent,wf_1_train,adverse,atr_expansion_threshold,donchian_atr_01,donchian_atr_04,aa50f188cc1f4cf48af4c07a1186c4df,1a0b1fa2a40c4d25964c507ab051bf21,-1.8282687524047487,-3.92914393282413,-3.2647656292943106,-8.929872574600337,0.9176739077334712,0.7933921358687133,56,44,REGION_SENSIBLE_O_NEGATIVA
recent,wf_1_train,adverse,atr_expansion_threshold,donchian_atr_02,donchian_atr_05,cd4ef21ed7fd4a0e9ed250b7b4e087aa,6a75aef3c98a4dca972469224540d282,-1.1689529092860915,-3.8633109632514206,-2.2055715269549565,-9.198359436312954,0.9439383065980989,0.7882471187615122,53,42,REGION_SENSIBLE_O_NEGATIVA
recent,wf_1_train,adverse,breakout_length,donchian_atr_03,donchian_atr_04,902335d494e4419aa1c24392406249a4,1a0b1fa2a40c4d25964c507ab051bf21,-3.92914393282413,-3.92914393282413,-8.929872574600337,-8.929872574600337,0.7933921358687133,0.7933921358687133,44,44,REGION_SENSIBLE_O_NEGATIVA
recent,wf_1_train,adverse,breakout_length,donchian_atr_04,donchian_atr_05,1a0b1fa2a40c4d25964c507ab051bf21,6a75aef3c98a4dca972469224540d282,-3.92914393282413,-3.8633109632514206,-8.929872574600337,-9.198359436312954,0.7933921358687133,0.7882471187615122,44,42,REGION_SENSIBLE_O_NEGATIVA
recent,wf_1_train,base,breakout_length,donchian_atr_00,donchian_atr_01,c4f4fb75d9d8464fba0e0c832237b4a1,3aab3e24d1ad48a3ae02a4fc14efe5c0,-0.5011264229338619,-0.2331395636569699,-0.8493668185322061,-0.4019647649256991,0.9775791136172828,0.989465228387926,59,58,REGION_SENSIBLE_O_NEGATIVA
recent,wf_1_train,base,atr_expansion_threshold,donchian_atr_00,donchian_atr_03,c4f4fb75d9d8464fba0e0c832237b4a1,148c0d6f66c04c4291dd2cca6bf2d289,-0.5011264229338619,-1.958997124536288,-0.8493668185322061,-4.353326943413946,0.9775791136172828,0.893280229076545,59,45,REGION_SENSIBLE_O_NEGATIVA
recent,wf_1_train,base,breakout_length,donchian_atr_01,donchian_atr_02,3aab3e24d1ad48a3ae02a4fc14efe5c0,3994209188e043f29e9537b242bc64fa,-0.2331395636569699,0.3348157425234976,-0.4019647649256991,0.6087558954973546,0.989465228387926,1.0160825410383625,58,55,RESULTADO_AISLADO_EN_ARISTA
recent,wf_1_train,base,atr_expansion_threshold,donchian_atr_01,donchian_atr_04,3aab3e24d1ad48a3ae02a4fc14efe5c0,4dc69270c5f14cffbdf98a7407fff47d,-0.2331395636569699,-1.958997124536288,-0.4019647649256991,-4.353326943413946,0.989465228387926,0.893280229076545,58,45,REGION_SENSIBLE_O_NEGATIVA
recent,wf_1_train,base,atr_expansion_threshold,donchian_atr_02,donchian_atr_05,3994209188e043f29e9537b242bc64fa,c047680a019a4ff792ac2e9c783ccd05,0.3348157425234976,-1.957906926967734,0.6087558954973546,-4.553271923180867,1.0160825410383625,0.8887874116561879,55,43,RESULTADO_AISLADO_EN_ARISTA
recent,wf_1_train,base,breakout_length,donchian_atr_03,donchian_atr_04,148c0d6f66c04c4291dd2cca6bf2d289,4dc69270c5f14cffbdf98a7407fff47d,-1.958997124536288,-1.958997124536288,-4.353326943413946,-4.353326943413946,0.893280229076545,0.893280229076545,45,45,REGION_SENSIBLE_O_NEGATIVA
recent,wf_1_train,base,breakout_length,donchian_atr_04,donchian_atr_05,4dc69270c5f14cffbdf98a7407fff47d,c047680a019a4ff792ac2e9c783ccd05,-1.958997124536288,-1.957906926967734,-4.353326943413946,-4.553271923180867,0.893280229076545,0.8887874116561879,45,43,REGION_SENSIBLE_O_NEGATIVA
recent,wf_2_train,adverse,breakout_length,donchian_atr_00,donchian_atr_01,6b127310ff0448529b79e37e3c042bdb,4cb8f6cd2e6e463986691fc131e12462,-0.7588448143481363,-0.4577419843514563,-1.2647413572467352,-0.7758338717820447,0.9696957598936174,0.981547932392109,60,59,REGION_SENSIBLE_O_NEGATIVA
recent,wf_2_train,adverse,atr_expansion_threshold,donchian_atr_00,donchian_atr_03,6b127310ff0448529b79e37e3c042bdb,5ef674c2299f474da6e8530362fee7dc,-0.7588448143481363,-2.25572762980335,-1.2647413572467352,-5.126653704098582,0.9696957598936174,0.8871871279272862,60,44,REGION_SENSIBLE_O_NEGATIVA
recent,wf_2_train,adverse,breakout_length,donchian_atr_01,donchian_atr_02,4cb8f6cd2e6e463986691fc131e12462,ce255f01ca544d7d92cf8ea130d38459,-0.4577419843514563,0.1421559883332257,-0.7758338717820447,0.2450965316090961,0.981547932392109,1.0058649170508618,59,58,RESULTADO_AISLADO_EN_ARISTA
recent,wf_2_train,adverse,atr_expansion_threshold,donchian_atr_01,donchian_atr_04,4cb8f6cd2e6e463986691fc131e12462,a5d2dce7d0684c89b4d1ecd20ae17696,-0.4577419843514563,-2.25572762980335,-0.7758338717820447,-5.126653704098582,0.981547932392109,0.8871871279272862,59,44,REGION_SENSIBLE_O_NEGATIVA
recent,wf_2_train,adverse,atr_expansion_threshold,donchian_atr_02,donchian_atr_05,ce255f01ca544d7d92cf8ea130d38459,9fd821f6c5d34c6390f892648f582015,0.1421559883332257,-2.25572762980335,0.2450965316090961,-5.126653704098582,1.0058649170508618,0.8871871279272862,58,44,RESULTADO_AISLADO_EN_ARISTA
recent,wf_2_train,adverse,breakout_length,donchian_atr_03,donchian_atr_04,5ef674c2299f474da6e8530362fee7dc,a5d2dce7d0684c89b4d1ecd20ae17696,-2.25572762980335,-2.25572762980335,-5.126653704098582,-5.126653704098582,0.8871871279272862,0.8871871279272862,44,44,REGION_SENSIBLE_O_NEGATIVA
recent,wf_2_train,adverse,breakout_length,donchian_atr_04,donchian_atr_05,a5d2dce7d0684c89b4d1ecd20ae17696,9fd821f6c5d34c6390f892648f582015,-2.25572762980335,-2.25572762980335,-5.126653704098582,-5.126653704098582,0.8871871279272862,0.8871871279272862,44,44,REGION_SENSIBLE_O_NEGATIVA
recent,wf_2_train,base,breakout_length,donchian_atr_00,donchian_atr_01,2686ec9e552b4fe99ac3960aa7b5c251,34d9eb1acf7d4a34be281df29d79f744,0.9193499878156208,1.1911527662878507,1.482822560992997,1.952709452930866,1.0367791282209595,1.048056748015009,62,61,REGION_ESTABLE
recent,wf_2_train,base,atr_expansion_threshold,donchian_atr_00,donchian_atr_03,2686ec9e552b4fe99ac3960aa7b5c251,aa4f0559f98d4bb281e19565ba809003,0.9193499878156208,-0.3212640530898314,1.482822560992997,-0.7139201179774252,1.0367791282209595,0.9834853780277156,62,45,RESULTADO_AISLADO_EN_ARISTA
recent,wf_2_train,base,breakout_length,donchian_atr_01,donchian_atr_02,34d9eb1acf7d4a34be281df29d79f744,fa70f4c9f40e475cac09e61f19197b21,1.1911527662878507,1.7660928452460034,1.952709452930866,2.9434880754100456,1.048056748015009,1.07285197254125,61,60,REGION_ESTABLE
recent,wf_2_train,base,atr_expansion_threshold,donchian_atr_01,donchian_atr_04,34d9eb1acf7d4a34be281df29d79f744,e21e6b91745744ed8e0a213b92615cce,1.1911527662878507,-0.3212640530898314,1.952709452930866,-0.7139201179774252,1.048056748015009,0.9834853780277156,61,45,RESULTADO_AISLADO_EN_ARISTA
recent,wf_2_train,base,atr_expansion_threshold,donchian_atr_02,donchian_atr_05,fa70f4c9f40e475cac09e61f19197b21,1c2ce4dc85074ac0b1d9dd0dcb0fb795,1.7660928452460034,-0.3212640530898314,2.9434880754100456,-0.7139201179774252,1.07285197254125,0.9834853780277156,60,45,RESULTADO_AISLADO_EN_ARISTA
recent,wf_2_train,base,breakout_length,donchian_atr_03,donchian_atr_04,aa4f0559f98d4bb281e19565ba809003,e21e6b91745744ed8e0a213b92615cce,-0.3212640530898314,-0.3212640530898314,-0.7139201179774252,-0.7139201179774252,0.9834853780277156,0.9834853780277156,45,45,REGION_SENSIBLE_O_NEGATIVA
recent,wf_2_train,base,breakout_length,donchian_atr_04,donchian_atr_05,e21e6b91745744ed8e0a213b92615cce,1c2ce4dc85074ac0b1d9dd0dcb0fb795,-0.3212640530898314,-0.3212640530898314,-0.7139201179774252,-0.7139201179774252,0.9834853780277156,0.9834853780277156,45,45,REGION_SENSIBLE_O_NEGATIVA
recent,wf_3_train,adverse,breakout_length,donchian_atr_00,donchian_atr_01,02a3782c68ea48e39f635f722568993e,8a19a63d6df44da0ae8ab978e80376dc,5.315840064675914,5.315840064675914,7.817411859817618,7.817411859817618,1.1790684273303016,1.1790684273303016,68,68,REGION_ESTABLE
recent,wf_3_train,adverse,atr_expansion_threshold,donchian_atr_00,donchian_atr_03,02a3782c68ea48e39f635f722568993e,cdcc9ede235b42518f19491eedc120fc,5.315840064675914,3.5773739514813,7.817411859817618,6.879565291309944,1.1790684273303016,1.151818476313372,68,52,REGION_ESTABLE
recent,wf_3_train,adverse,breakout_length,donchian_atr_01,donchian_atr_02,8a19a63d6df44da0ae8ab978e80376dc,25d86c9011ae4fb9b53c4ffbd61a52e0,5.315840064675914,5.991266549991714,7.817411859817618,8.942188880584714,1.1790684273303016,1.2054176515785675,68,67,REGION_ESTABLE
recent,wf_3_train,adverse,atr_expansion_threshold,donchian_atr_01,donchian_atr_04,8a19a63d6df44da0ae8ab978e80376dc,cb85e72f6d934a73a2dc8d2552df6671,5.315840064675914,3.5773739514813,7.817411859817618,6.879565291309944,1.1790684273303016,1.151818476313372,68,52,REGION_ESTABLE
recent,wf_3_train,adverse,atr_expansion_threshold,donchian_atr_02,donchian_atr_05,25d86c9011ae4fb9b53c4ffbd61a52e0,2b1bfadafd5c40d9ac566765d8707ce4,5.991266549991714,3.6171987382529034,8.942188880584714,6.956151419716895,1.2054176515785675,1.153498053170256,67,52,REGION_ESTABLE
recent,wf_3_train,adverse,breakout_length,donchian_atr_03,donchian_atr_04,cdcc9ede235b42518f19491eedc120fc,cb85e72f6d934a73a2dc8d2552df6671,3.5773739514813,3.5773739514813,6.879565291309944,6.879565291309944,1.151818476313372,1.151818476313372,52,52,REGION_ESTABLE
recent,wf_3_train,adverse,breakout_length,donchian_atr_04,donchian_atr_05,cb85e72f6d934a73a2dc8d2552df6671,2b1bfadafd5c40d9ac566765d8707ce4,3.5773739514813,3.6171987382529034,6.879565291309944,6.956151419716895,1.151818476313372,1.153498053170256,52,52,REGION_ESTABLE
recent,wf_3_train,base,breakout_length,donchian_atr_00,donchian_atr_01,1064c1671b344b0ab6a153af5b859f99,b754dbd495234661b690b1c04471b481,6.640669854267078,6.640669854267078,9.62415920908265,9.62415920908265,1.2241039710972794,1.2241039710972794,69,69,REGION_ESTABLE
recent,wf_3_train,base,atr_expansion_threshold,donchian_atr_00,donchian_atr_03,1064c1671b344b0ab6a153af5b859f99,485d80c104bc4b80bae38ad185a1914e,6.640669854267078,5.200661108841431,9.62415920908265,10.001271363156404,1.2241039710972794,1.2258555172194512,69,52,REGION_ESTABLE
recent,wf_3_train,base,breakout_length,donchian_atr_01,donchian_atr_02,b754dbd495234661b690b1c04471b481,9d658a5aaf5c42b9ac1cb1f769b0864e,6.640669854267078,7.2877603063610685,9.62415920908265,10.7172945681781,1.2241039710972794,1.25010430760363,69,68,REGION_ESTABLE
recent,wf_3_train,base,atr_expansion_threshold,donchian_atr_01,donchian_atr_04,b754dbd495234661b690b1c04471b481,b07fc2f337b24f67a5b5837a38919e08,6.640669854267078,5.200661108841431,9.62415920908265,10.001271363156404,1.2241039710972794,1.2258555172194512,69,52,REGION_ESTABLE
recent,wf_3_train,base,atr_expansion_threshold,donchian_atr_02,donchian_atr_05,9d658a5aaf5c42b9ac1cb1f769b0864e,c6bbf12666d7449ba2377de589947e09,7.2877603063610685,5.24106645589999,10.7172945681781,10.07897395365357,1.25010430760363,1.227594054212838,68,52,REGION_ESTABLE
recent,wf_3_train,base,breakout_length,donchian_atr_03,donchian_atr_04,485d80c104bc4b80bae38ad185a1914e,b07fc2f337b24f67a5b5837a38919e08,5.200661108841431,5.200661108841431,10.001271363156404,10.001271363156404,1.2258555172194512,1.2258555172194512,52,52,REGION_ESTABLE
recent,wf_3_train,base,breakout_length,donchian_atr_04,donchian_atr_05,b07fc2f337b24f67a5b5837a38919e08,c6bbf12666d7449ba2377de589947e09,5.200661108841431,5.24106645589999,10.001271363156404,10.07897395365357,1.2258555172194512,1.227594054212838,52,52,REGION_ESTABLE
