configuration_id,symbol,timeframe,mode,parameters,period,scenario,start,end,closed_trades,return_pct,profit_factor,sharpe,expectancy,max_drawdown_pct,fees_paid,filter_status,research_classification
8881fc2ef0417469,ETHUSDT,1h,LONG_ONLY,"{""atr_expansion_threshold"": 1.0, ""atr_length"": 14, ""atr_reference_length"": 50, ""atr_stop_multiplier"": 2.5, ""breakout_length"": 50, ""reward_risk"": 2.5, ""slope_lookback"": 5, ""trend_length"": 100}",train,base,2023-06-04T00:00:00+00:00,2024-07-01T00:00:00+00:00,62,5.399454904369705,1.2280139832600172,0.6946299453339063,8.708798232854386,5.406371486216777,157.89483643683027,PASS,VALID
8881fc2ef0417469,ETHUSDT,1h,LONG_ONLY,"{""atr_expansion_threshold"": 1.0, ""atr_length"": 14, ""atr_reference_length"": 50, ""atr_stop_multiplier"": 2.5, ""breakout_length"": 50, ""reward_risk"": 2.5, ""slope_lookback"": 5, ""trend_length"": 100}",train,adverse,2023-06-04T00:00:00+00:00,2024-07-01T00:00:00+00:00,64,-1.4573798640908686,0.9452762419818396,-0.1678618983688624,-2.2771560376419275,7.722258462778838,311.48022739187684,PASS,VALID
d4b93a5f10ce0abf,ETHUSDT,1h,LONG_ONLY,"{""atr_expansion_threshold"": 1.0, ""atr_length"": 14, ""atr_reference_length"": 50, ""atr_stop_multiplier"": 2.5, ""breakout_length"": 50, ""reward_risk"": 2.5, ""slope_lookback"": 5, ""trend_length"": 200}",train,base,2023-06-04T00:00:00+00:00,2024-07-01T00:00:00+00:00,58,5.953538921958423,1.264354121585127,0.7676756329464486,10.26472227923851,5.406371548367115,148.77741464452248,PASS,VALID
d4b93a5f10ce0abf,ETHUSDT,1h,LONG_ONLY,"{""atr_expansion_threshold"": 1.0, ""atr_length"": 14, ""atr_reference_length"": 50, ""atr_stop_multiplier"": 2.5, ""breakout_length"": 50, ""reward_risk"": 2.5, ""slope_lookback"": 5, ""trend_length"": 200}",train,adverse,2023-06-04T00:00:00+00:00,2024-07-01T00:00:00+00:00,60,0.3070301365955208,1.0121445277233465,0.0757284338482821,0.5117168943259962,6.587175470615565,296.4799232926477,PASS,VALID
eaed0ebbb191a18e,ETHUSDT,1h,LONG_ONLY,"{""atr_expansion_threshold"": 1.0, ""atr_length"": 20, ""atr_reference_length"": 50, ""atr_stop_multiplier"": 2.5, ""breakout_length"": 50, ""reward_risk"": 2.5, ""slope_lookback"": 5, ""trend_length"": 200}",train,base,2023-06-04T00:00:00+00:00,2024-07-01T00:00:00+00:00,61,3.767505904747015,1.1600028238096771,0.5253754150573445,6.176239188109925,4.947804359846588,152.92518560228893,PASS,VALID
eaed0ebbb191a18e,ETHUSDT,1h,LONG_ONLY,"{""atr_expansion_threshold"": 1.0, ""atr_length"": 20, ""atr_reference_length"": 50, ""atr_stop_multiplier"": 2.5, ""breakout_length"": 50, ""reward_risk"": 2.5, ""slope_lookback"": 5, ""trend_length"": 200}",train,adverse,2023-06-04T00:00:00+00:00,2024-07-01T00:00:00+00:00,61,0.0628406511921975,1.0025297495137524,0.0427622018645446,0.1030174609708454,5.389948060527323,300.5639900031225,PASS,VALID
8881fc2ef0417469,ETHUSDT,1h,LONG_ONLY,"{""atr_expansion_threshold"": 1.0, ""atr_length"": 14, ""atr_reference_length"": 50, ""atr_stop_multiplier"": 2.5, ""breakout_length"": 50, ""reward_risk"": 2.5, ""slope_lookback"": 5, ""trend_length"": 100}",validation,base,2024-07-01T00:00:00+00:00,2025-01-01T00:00:00+00:00,32,-4.275078699000535,0.7272123958223582,-1.060000400134906,-13.359620934376684,5.932025917337671,77.93640099797278,PASS,VALID
8881fc2ef0417469,ETHUSDT,1h,LONG_ONLY,"{""atr_expansion_threshold"": 1.0, ""atr_length"": 14, ""atr_reference_length"": 50, ""atr_stop_multiplier"": 2.5, ""breakout_length"": 50, ""reward_risk"": 2.5, ""slope_lookback"": 5, ""trend_length"": 100}",validation,adverse,2024-07-01T00:00:00+00:00,2025-01-01T00:00:00+00:00,32,-5.242070659772602,0.6789214022123231,-1.3175280159161256,-16.381470811789278,6.4122039898398695,154.7326951588922,PASS,VALID
d4b93a5f10ce0abf,ETHUSDT,1h,LONG_ONLY,"{""atr_expansion_threshold"": 1.0, ""atr_length"": 14, ""atr_reference_length"": 50, ""atr_stop_multiplier"": 2.5, ""breakout_length"": 50, ""reward_risk"": 2.5, ""slope_lookback"": 5, ""trend_length"": 200}",validation,base,2024-07-01T00:00:00+00:00,2025-01-01T00:00:00+00:00,28,-1.3870374004323227,0.8953007008199257,-0.3351954221770934,-4.953705001543915,4.240433614333848,69.7725883476933,PASS,VALID
d4b93a5f10ce0abf,ETHUSDT,1h,LONG_ONLY,"{""atr_expansion_threshold"": 1.0, ""atr_length"": 14, ""atr_reference_length"": 50, ""atr_stop_multiplier"": 2.5, ""breakout_length"": 50, ""reward_risk"": 2.5, ""slope_lookback"": 5, ""trend_length"": 200}",validation,adverse,2024-07-01T00:00:00+00:00,2025-01-01T00:00:00+00:00,28,-2.3430112607142783,0.8306050255170544,-0.5978553061215774,-8.367897359693844,4.442488707891132,138.51181591356132,PASS,VALID
eaed0ebbb191a18e,ETHUSDT,1h,LONG_ONLY,"{""atr_expansion_threshold"": 1.0, ""atr_length"": 20, ""atr_reference_length"": 50, ""atr_stop_multiplier"": 2.5, ""breakout_length"": 50, ""reward_risk"": 2.5, ""slope_lookback"": 5, ""trend_length"": 200}",validation,base,2024-07-01T00:00:00+00:00,2025-01-01T00:00:00+00:00,25,-0.5763719840070403,0.9493858592934152,-0.1405928973526862,-2.3054879360280065,4.537946222295997,62.982765855070085,PASS,VALID
eaed0ebbb191a18e,ETHUSDT,1h,LONG_ONLY,"{""atr_expansion_threshold"": 1.0, ""atr_length"": 20, ""atr_reference_length"": 50, ""atr_stop_multiplier"": 2.5, ""breakout_length"": 50, ""reward_risk"": 2.5, ""slope_lookback"": 5, ""trend_length"": 200}",validation,adverse,2024-07-01T00:00:00+00:00,2025-01-01T00:00:00+00:00,25,-1.410768925873651,0.8817083054776144,-0.3951552303937452,-5.643075703494653,4.769809013258538,125.36941180915328,PASS,VALID
8881fc2ef0417469,ETHUSDT,1h,LONG_ONLY,"{""atr_expansion_threshold"": 1.0, ""atr_length"": 14, ""atr_reference_length"": 50, ""atr_stop_multiplier"": 2.5, ""breakout_length"": 50, ""reward_risk"": 2.5, ""slope_lookback"": 5, ""trend_length"": 100}",test,base,2025-07-01T00:00:00+00:00,2026-09-26T00:00:00+00:00,78,-1.8775661950216072,0.9467794902882886,-0.1408407324183846,-2.4071361474635613,11.406499249905314,194.03434904573808,PASS,VALID
8881fc2ef0417469,ETHUSDT,1h,LONG_ONLY,"{""atr_expansion_threshold"": 1.0, ""atr_length"": 14, ""atr_reference_length"": 50, ""atr_stop_multiplier"": 2.5, ""breakout_length"": 50, ""reward_risk"": 2.5, ""slope_lookback"": 5, ""trend_length"": 100}",test,adverse,2025-07-01T00:00:00+00:00,2026-09-26T00:00:00+00:00,77,-5.1969185713197525,0.8563050191978301,-0.4751809978217214,-6.749244897817865,13.158154227267309,375.13201869360034,PASS,VALID
d4b93a5f10ce0abf,ETHUSDT,1h,LONG_ONLY,"{""atr_expansion_threshold"": 1.0, ""atr_length"": 14, ""atr_reference_length"": 50, ""atr_stop_multiplier"": 2.5, ""breakout_length"": 50, ""reward_risk"": 2.5, ""slope_lookback"": 5, ""trend_length"": 200}",test,base,2025-07-01T00:00:00+00:00,2026-09-26T00:00:00+00:00,75,-2.792347797389816,0.9185515048185078,-0.2504262540228509,-3.723130396519723,11.45106085198922,185.72770129860464,PASS,VALID
d4b93a5f10ce0abf,ETHUSDT,1h,LONG_ONLY,"{""atr_expansion_threshold"": 1.0, ""atr_length"": 14, ""atr_reference_length"": 50, ""atr_stop_multiplier"": 2.5, ""breakout_length"": 50, ""reward_risk"": 2.5, ""slope_lookback"": 5, ""trend_length"": 200}",test,adverse,2025-07-01T00:00:00+00:00,2026-09-26T00:00:00+00:00,74,-5.984434466300681,0.8298404413408693,-0.595122539824606,-8.087073603108998,13.20996474877321,359.06498073183934,PASS,VALID
eaed0ebbb191a18e,ETHUSDT,1h,LONG_ONLY,"{""atr_expansion_threshold"": 1.0, ""atr_length"": 20, ""atr_reference_length"": 50, ""atr_stop_multiplier"": 2.5, ""breakout_length"": 50, ""reward_risk"": 2.5, ""slope_lookback"": 5, ""trend_length"": 200}",test,base,2025-07-01T00:00:00+00:00,2026-09-26T00:00:00+00:00,72,-0.3005594406843781,0.990510001259586,0.0014910582885762,-0.4174436676171701,11.515566101798974,187.38493319764072,PASS,VALID
eaed0ebbb191a18e,ETHUSDT,1h,LONG_ONLY,"{""atr_expansion_threshold"": 1.0, ""atr_length"": 20, ""atr_reference_length"": 50, ""atr_stop_multiplier"": 2.5, ""breakout_length"": 50, ""reward_risk"": 2.5, ""slope_lookback"": 5, ""trend_length"": 200}",test,adverse,2025-07-01T00:00:00+00:00,2026-09-26T00:00:00+00:00,72,-2.6875740454746837,0.9184439050214632,-0.2745968012015443,-3.732741729826044,13.183119294363465,370.08705128824255,PASS,VALID
d4b93a5f10ce0abf,ETHUSDT,1h,LONG_ONLY,"{""atr_expansion_threshold"": 1.0, ""atr_length"": 14, ""atr_reference_length"": 50, ""atr_stop_multiplier"": 2.5, ""breakout_length"": 50, ""reward_risk"": 2.5, ""slope_lookback"": 5, ""trend_length"": 200}",wf_0_test,base,2024-07-01T00:00:00+00:00,2024-10-01T00:00:00+00:00,11,-0.5246631831057891,0.8872654369151659,-0.3375497582472234,-4.769665300961582,2.434516107573612,27.476087084714027,PASS,VALID
d4b93a5f10ce0abf,ETHUSDT,1h,LONG_ONLY,"{""atr_expansion_threshold"": 1.0, ""atr_length"": 14, ""atr_reference_length"": 50, ""atr_stop_multiplier"": 2.5, ""breakout_length"": 50, ""reward_risk"": 2.5, ""slope_lookback"": 5, ""trend_length"": 200}",wf_0_test,adverse,2024-07-01T00:00:00+00:00,2024-10-01T00:00:00+00:00,11,-0.8925020136644202,0.8181403982381722,-0.5974709290271303,-8.113654669676759,2.562959804594815,54.82260810195748,PASS,VALID
eaed0ebbb191a18e,ETHUSDT,1h,LONG_ONLY,"{""atr_expansion_threshold"": 1.0, ""atr_length"": 20, ""atr_reference_length"": 50, ""atr_stop_multiplier"": 2.5, ""breakout_length"": 50, ""reward_risk"": 2.5, ""slope_lookback"": 5, ""trend_length"": 200}",wf_1_test,base,2024-10-01T00:00:00+00:00,2025-01-01T00:00:00+00:00,16,-1.36762065385434,0.8332974912527888,-0.6418657545418912,-8.547629086589717,4.53794647170485,40.17840169218094,PASS,VALID
eaed0ebbb191a18e,ETHUSDT,1h,LONG_ONLY,"{""atr_expansion_threshold"": 1.0, ""atr_length"": 20, ""atr_reference_length"": 50, ""atr_stop_multiplier"": 2.5, ""breakout_length"": 50, ""reward_risk"": 2.5, ""slope_lookback"": 5, ""trend_length"": 200}",wf_1_test,adverse,2024-10-01T00:00:00+00:00,2025-01-01T00:00:00+00:00,16,-1.8968304412471328,0.7787434766528469,-0.909938124448192,-11.855190257794222,4.769809653833072,80.09947522915674,PASS,VALID
c52ee8d28c1bebc6,ETHUSDT,1h,LONG_ONLY,"{""atr_expansion_threshold"": 1.25, ""atr_length"": 20, ""atr_reference_length"": 50, ""atr_stop_multiplier"": 2.0, ""breakout_length"": 50, ""reward_risk"": 2.0, ""slope_lookback"": 5, ""trend_length"": 200}",wf_2_test,base,2025-01-01T00:00:00+00:00,2025-04-01T00:00:00+00:00,5,-0.6216105675139305,0.7123489157770471,-0.7293631555276576,-12.43221135027882,1.3251872356336023,12.387576206514224,PASS,VALID
c52ee8d28c1bebc6,ETHUSDT,1h,LONG_ONLY,"{""atr_expansion_threshold"": 1.25, ""atr_length"": 20, ""atr_reference_length"": 50, ""atr_stop_multiplier"": 2.0, ""breakout_length"": 50, ""reward_risk"": 2.0, ""slope_lookback"": 5, ""trend_length"": 200}",wf_2_test,adverse,2025-01-01T00:00:00+00:00,2025-04-01T00:00:00+00:00,5,-0.7626023002237026,0.6582520817916506,-0.9074141165333156,-15.252046004474623,1.4309704818434148,24.621366835907025,PASS,VALID
4b3885807c16d0a4,ETHUSDT,1h,LONG_ONLY,"{""atr_expansion_threshold"": 1.25, ""atr_length"": 20, ""atr_reference_length"": 50, ""atr_stop_multiplier"": 1.5, ""breakout_length"": 20, ""reward_risk"": 2.5, ""slope_lookback"": 5, ""trend_length"": 200}",wf_3_test,base,2025-04-01T00:00:00+00:00,2025-07-01T00:00:00+00:00,16,6.311416141982074,2.6282740028398,3.0548262735844838,39.44635088738804,1.713453009123727,41.807115580758925,PASS,VALID
4b3885807c16d0a4,ETHUSDT,1h,LONG_ONLY,"{""atr_expansion_threshold"": 1.25, ""atr_length"": 20, ""atr_reference_length"": 50, ""atr_stop_multiplier"": 1.5, ""breakout_length"": 20, ""reward_risk"": 2.5, ""slope_lookback"": 5, ""trend_length"": 200}",wf_3_test,adverse,2025-04-01T00:00:00+00:00,2025-07-01T00:00:00+00:00,15,4.311522812741764,2.0796037304475203,2.5894677603886667,28.743485418278123,2.18491685356663,77.40083113835004,PASS,VALID
f7820b571d8bf9f4,ETHUSDT,1h,SHORT_ONLY,"{""atr_expansion_threshold"": 1.0, ""atr_length"": 14, ""atr_reference_length"": 50, ""atr_stop_multiplier"": 2.5, ""breakout_length"": 50, ""reward_risk"": 2.5, ""slope_lookback"": 5, ""trend_length"": 200}",wf_0_test,base,2024-07-01T00:00:00+00:00,2024-10-01T00:00:00+00:00,20,0.5906063009711859,1.0576732816662897,0.3029159590207405,2.953031504855689,5.721096324427042,49.05491739490922,PASS,VALID
f7820b571d8bf9f4,ETHUSDT,1h,SHORT_ONLY,"{""atr_expansion_threshold"": 1.0, ""atr_length"": 14, ""atr_reference_length"": 50, ""atr_stop_multiplier"": 2.5, ""breakout_length"": 50, ""reward_risk"": 2.5, ""slope_lookback"": 5, ""trend_length"": 200}",wf_0_test,adverse,2024-07-01T00:00:00+00:00,2024-10-01T00:00:00+00:00,19,0.610652342748863,1.0617342891305472,0.3128996700424954,3.213959698678218,5.96650852248756,92.38518286502926,PASS,VALID
259cf74ae7baba57,ETHUSDT,1h,SHORT_ONLY,"{""atr_expansion_threshold"": 1.0, ""atr_length"": 20, ""atr_reference_length"": 50, ""atr_stop_multiplier"": 2.5, ""breakout_length"": 50, ""reward_risk"": 2.5, ""slope_lookback"": 5, ""trend_length"": 100}",wf_1_test,base,2024-10-01T00:00:00+00:00,2025-01-01T00:00:00+00:00,14,-1.0847719325350225,0.8556443392414731,-0.5761717260810673,-7.748370946678963,5.784139010176297,33.38865815843385,PASS,VALID
259cf74ae7baba57,ETHUSDT,1h,SHORT_ONLY,"{""atr_expansion_threshold"": 1.0, ""atr_length"": 20, ""atr_reference_length"": 50, ""atr_stop_multiplier"": 2.5, ""breakout_length"": 50, ""reward_risk"": 2.5, ""slope_lookback"": 5, ""trend_length"": 100}",wf_1_test,adverse,2024-10-01T00:00:00+00:00,2025-01-01T00:00:00+00:00,15,-1.6493102006143625,0.8020203422154462,-0.9152990158980236,-10.995401337429334,6.312743591472077,71.16113785853598,PASS,VALID
9cecc42022f1b7ef,ETHUSDT,1h,SHORT_ONLY,"{""atr_expansion_threshold"": 1.0, ""atr_length"": 14, ""atr_reference_length"": 50, ""atr_stop_multiplier"": 2.5, ""breakout_length"": 50, ""reward_risk"": 2.5, ""slope_lookback"": 5, ""trend_length"": 100}",wf_2_test,base,2025-01-01T00:00:00+00:00,2025-04-01T00:00:00+00:00,17,2.64425739180838,1.267696608118973,1.231552043805604,15.554455245931663,6.717224824238001,38.12017097687162,PASS,VALID
9cecc42022f1b7ef,ETHUSDT,1h,SHORT_ONLY,"{""atr_expansion_threshold"": 1.0, ""atr_length"": 14, ""atr_reference_length"": 50, ""atr_stop_multiplier"": 2.5, ""breakout_length"": 50, ""reward_risk"": 2.5, ""slope_lookback"": 5, ""trend_length"": 100}",wf_2_test,adverse,2025-01-01T00:00:00+00:00,2025-04-01T00:00:00+00:00,17,2.3090961728730486,1.2317924180555535,1.0928525343956002,13.582918663959145,6.801559735450066,75.46811891840385,PASS,VALID
f931ab9e99795bdf,ETHUSDT,1h,SHORT_ONLY,"{""atr_expansion_threshold"": 1.0, ""atr_length"": 20, ""atr_reference_length"": 50, ""atr_stop_multiplier"": 1.5, ""breakout_length"": 50, ""reward_risk"": 1.5, ""slope_lookback"": 5, ""trend_length"": 200}",wf_3_test,base,2025-04-01T00:00:00+00:00,2025-07-01T00:00:00+00:00,18,-3.253676770400493,0.5302150698977932,-2.2203404038901637,-18.075982057780276,3.855958964408293,43.726498714663805,PASS,VALID
f931ab9e99795bdf,ETHUSDT,1h,SHORT_ONLY,"{""atr_expansion_threshold"": 1.0, ""atr_length"": 20, ""atr_reference_length"": 50, ""atr_stop_multiplier"": 1.5, ""breakout_length"": 50, ""reward_risk"": 1.5, ""slope_lookback"": 5, ""trend_length"": 200}",wf_3_test,adverse,2025-04-01T00:00:00+00:00,2025-07-01T00:00:00+00:00,18,-3.808591144208296,0.4765426681691107,-2.6112747860368413,-21.158839690046097,4.314308901192017,87.0772996735947,PASS,VALID
d7d2dca0726a7e3f,ETHUSDT,1h,LONG_SHORT,"{""atr_expansion_threshold"": 1.0, ""atr_length"": 14, ""atr_reference_length"": 50, ""atr_stop_multiplier"": 2.5, ""breakout_length"": 50, ""reward_risk"": 2.5, ""slope_lookback"": 5, ""trend_length"": 200}",train,base,2023-06-04T00:00:00+00:00,2024-07-01T00:00:00+00:00,98,4.987298769605797,1.1310832398196993,0.5183021757651789,5.08908037714876,8.540929490128994,241.30540157636605,PASS,VALID
d7d2dca0726a7e3f,ETHUSDT,1h,LONG_SHORT,"{""atr_expansion_threshold"": 1.0, ""atr_length"": 14, ""atr_reference_length"": 50, ""atr_stop_multiplier"": 2.5, ""breakout_length"": 50, ""reward_risk"": 2.5, ""slope_lookback"": 5, ""trend_length"": 200}",train,adverse,2023-06-04T00:00:00+00:00,2024-07-01T00:00:00+00:00,102,-2.7316798308885115,0.934438635774306,-0.2366585446302717,-2.678117481263132,13.025526819790205,480.6478799380165,PASS,VALID
70fb724e086b59be,ETHUSDT,1h,LONG_SHORT,"{""atr_expansion_threshold"": 1.0, ""atr_length"": 20, ""atr_reference_length"": 50, ""atr_stop_multiplier"": 2.5, ""breakout_length"": 50, ""reward_risk"": 2.5, ""slope_lookback"": 5, ""trend_length"": 200}",train,base,2023-06-04T00:00:00+00:00,2024-07-01T00:00:00+00:00,105,4.538995339126895,1.1147252136145611,0.5128148877975742,4.322852703930449,8.821757921662758,258.3523348494606,PASS,RESEARCH_PASS
70fb724e086b59be,ETHUSDT,1h,LONG_SHORT,"{""atr_expansion_threshold"": 1.0, ""atr_length"": 20, ""atr_reference_length"": 50, ""atr_stop_multiplier"": 2.5, ""breakout_length"": 50, ""reward_risk"": 2.5, ""slope_lookback"": 5, ""trend_length"": 200}",train,adverse,2023-06-04T00:00:00+00:00,2024-07-01T00:00:00+00:00,105,-0.6445203261795207,0.984341226223866,-0.0256078922399666,-0.613828882075767,10.640259867439129,504.25045048257726,PASS,RESEARCH_PASS
d7d2dca0726a7e3f,ETHUSDT,1h,LONG_SHORT,"{""atr_expansion_threshold"": 1.0, ""atr_length"": 14, ""atr_reference_length"": 50, ""atr_stop_multiplier"": 2.5, ""breakout_length"": 50, ""reward_risk"": 2.5, ""slope_lookback"": 5, ""trend_length"": 200}",validation,base,2024-07-01T00:00:00+00:00,2025-01-01T00:00:00+00:00,60,1.5902055035862397,1.05365177831992,0.3378263070381553,2.6503425059768886,8.7746281245084,147.64278059299096,PASS,VALID
d7d2dca0726a7e3f,ETHUSDT,1h,LONG_SHORT,"{""atr_expansion_threshold"": 1.0, ""atr_length"": 14, ""atr_reference_length"": 50, ""atr_stop_multiplier"": 2.5, ""breakout_length"": 50, ""reward_risk"": 2.5, ""slope_lookback"": 5, ""trend_length"": 200}",validation,adverse,2024-07-01T00:00:00+00:00,2025-01-01T00:00:00+00:00,58,-1.619357254829734,0.9456185891214496,-0.2460825433665877,-2.791995266947928,9.978075403211548,283.10916291844575,PASS,VALID
70fb724e086b59be,ETHUSDT,1h,LONG_SHORT,"{""atr_expansion_threshold"": 1.0, ""atr_length"": 20, ""atr_reference_length"": 50, ""atr_stop_multiplier"": 2.5, ""breakout_length"": 50, ""reward_risk"": 2.5, ""slope_lookback"": 5, ""trend_length"": 200}",validation,base,2024-07-01T00:00:00+00:00,2025-01-01T00:00:00+00:00,56,3.0777447562302163,1.115650780264118,0.6275045653688389,5.495972778982363,7.063553232950051,140.11450735827023,PASS,RESEARCH_PASS
70fb724e086b59be,ETHUSDT,1h,LONG_SHORT,"{""atr_expansion_threshold"": 1.0, ""atr_length"": 20, ""atr_reference_length"": 50, ""atr_stop_multiplier"": 2.5, ""breakout_length"": 50, ""reward_risk"": 2.5, ""slope_lookback"": 5, ""trend_length"": 200}",validation,adverse,2024-07-01T00:00:00+00:00,2025-01-01T00:00:00+00:00,56,1.2392646829227472,1.045045079088784,0.2877505474012136,2.212972648076393,8.006439010301127,277.0548855693644,PASS,RESEARCH_PASS
d7d2dca0726a7e3f,ETHUSDT,1h,LONG_SHORT,"{""atr_expansion_threshold"": 1.0, ""atr_length"": 14, ""atr_reference_length"": 50, ""atr_stop_multiplier"": 2.5, ""breakout_length"": 50, ""reward_risk"": 2.5, ""slope_lookback"": 5, ""trend_length"": 200}",test,base,2025-07-01T00:00:00+00:00,2026-09-26T00:00:00+00:00,129,-8.298901435554084,0.8674825301126473,-0.5806022551944626,-6.433256926786025,15.939241289323796,305.7219909542758,PASS,VALID
d7d2dca0726a7e3f,ETHUSDT,1h,LONG_SHORT,"{""atr_expansion_threshold"": 1.0, ""atr_length"": 14, ""atr_reference_length"": 50, ""atr_stop_multiplier"": 2.5, ""breakout_length"": 50, ""reward_risk"": 2.5, ""slope_lookback"": 5, ""trend_length"": 200}",test,adverse,2025-07-01T00:00:00+00:00,2026-09-26T00:00:00+00:00,128,-12.72363160295168,0.7992865363368531,-0.950884977023416,-9.940337189806034,18.699263497889888,588.5834642499282,PASS,VALID
70fb724e086b59be,ETHUSDT,1h,LONG_SHORT,"{""atr_expansion_threshold"": 1.0, ""atr_length"": 20, ""atr_reference_length"": 50, ""atr_stop_multiplier"": 2.5, ""breakout_length"": 50, ""reward_risk"": 2.5, ""slope_lookback"": 5, ""trend_length"": 200}",test,base,2025-07-01T00:00:00+00:00,2026-09-26T00:00:00+00:00,129,-3.182363064712568,0.9486449220148132,-0.1844764399485285,-2.466948112180241,13.488788332987484,330.30031050461474,PASS,RESEARCH_PASS
70fb724e086b59be,ETHUSDT,1h,LONG_SHORT,"{""atr_expansion_threshold"": 1.0, ""atr_length"": 20, ""atr_reference_length"": 50, ""atr_stop_multiplier"": 2.5, ""breakout_length"": 50, ""reward_risk"": 2.5, ""slope_lookback"": 5, ""trend_length"": 200}",test,adverse,2025-07-01T00:00:00+00:00,2026-09-26T00:00:00+00:00,129,-6.987526990092996,0.890050744069728,-0.4823117802777079,-5.41668758921934,15.924462233811726,646.3479454886282,PASS,RESEARCH_PASS
70fb724e086b59be,ETHUSDT,1h,LONG_SHORT,"{""atr_expansion_threshold"": 1.0, ""atr_length"": 20, ""atr_reference_length"": 50, ""atr_stop_multiplier"": 2.5, ""breakout_length"": 50, ""reward_risk"": 2.5, ""slope_lookback"": 5, ""trend_length"": 200}",wf_0_test,base,2024-07-01T00:00:00+00:00,2024-10-01T00:00:00+00:00,28,3.770706175709737,1.3240537983293177,1.375549173956498,13.466807770391734,5.914592613167685,69.6672798040929,PASS,RESEARCH_PASS
70fb724e086b59be,ETHUSDT,1h,LONG_SHORT,"{""atr_expansion_threshold"": 1.0, ""atr_length"": 20, ""atr_reference_length"": 50, ""atr_stop_multiplier"": 2.5, ""breakout_length"": 50, ""reward_risk"": 2.5, ""slope_lookback"": 5, ""trend_length"": 200}",wf_0_test,adverse,2024-07-01T00:00:00+00:00,2024-10-01T00:00:00+00:00,28,2.803670483035825,1.2308513853180325,1.0559299719479376,10.0131088679851,6.234716125234604,138.359731064542,PASS,RESEARCH_PASS
70fb724e086b59be,ETHUSDT,1h,LONG_SHORT,"{""atr_expansion_threshold"": 1.0, ""atr_length"": 20, ""atr_reference_length"": 50, ""atr_stop_multiplier"": 2.5, ""breakout_length"": 50, ""reward_risk"": 2.5, ""slope_lookback"": 5, ""trend_length"": 200}",wf_1_test,base,2024-10-01T00:00:00+00:00,2025-01-01T00:00:00+00:00,28,-0.257078151282708,0.9817394880680316,-0.0535756447424582,-0.9181362545812332,4.918924385330936,68.14741285040084,PASS,RESEARCH_PASS
70fb724e086b59be,ETHUSDT,1h,LONG_SHORT,"{""atr_expansion_threshold"": 1.0, ""atr_length"": 20, ""atr_reference_length"": 50, ""atr_stop_multiplier"": 2.5, ""breakout_length"": 50, ""reward_risk"": 2.5, ""slope_lookback"": 5, ""trend_length"": 200}",wf_1_test,adverse,2024-10-01T00:00:00+00:00,2025-01-01T00:00:00+00:00,28,-1.1228337719473735,0.9231100694246802,-0.4043628570706223,-4.0101206140980015,5.400258757218745,135.4186771802868,PASS,RESEARCH_PASS
70fb724e086b59be,ETHUSDT,1h,LONG_SHORT,"{""atr_expansion_threshold"": 1.0, ""atr_length"": 20, ""atr_reference_length"": 50, ""atr_stop_multiplier"": 2.5, ""breakout_length"": 50, ""reward_risk"": 2.5, ""slope_lookback"": 5, ""trend_length"": 200}",wf_2_test,base,2025-01-01T00:00:00+00:00,2025-04-01T00:00:00+00:00,27,-2.3830881192452917,0.8479041863266852,-0.8453085402205964,-8.826252293501023,9.71488989855244,63.10843807845527,PASS,RESEARCH_PASS
70fb724e086b59be,ETHUSDT,1h,LONG_SHORT,"{""atr_expansion_threshold"": 1.0, ""atr_length"": 20, ""atr_reference_length"": 50, ""atr_stop_multiplier"": 2.5, ""breakout_length"": 50, ""reward_risk"": 2.5, ""slope_lookback"": 5, ""trend_length"": 200}",wf_2_test,adverse,2025-01-01T00:00:00+00:00,2025-04-01T00:00:00+00:00,27,-3.0578532596775787,0.8086009145210987,-1.115264341059429,-11.325382443250115,9.919482543404415,124.75505371375428,PASS,RESEARCH_PASS
e7cc8778e3652bf7,ETHUSDT,1h,LONG_SHORT,"{""atr_expansion_threshold"": 1.0, ""atr_length"": 20, ""atr_reference_length"": 50, ""atr_stop_multiplier"": 1.5, ""breakout_length"": 50, ""reward_risk"": 2.5, ""slope_lookback"": 5, ""trend_length"": 200}",wf_3_test,base,2025-04-01T00:00:00+00:00,2025-07-01T00:00:00+00:00,39,1.644193438355246,1.1239539635310518,0.6642544952744333,4.2158806111673135,4.023872586355021,98.6993520155282,PASS,VALID
e7cc8778e3652bf7,ETHUSDT,1h,LONG_SHORT,"{""atr_expansion_threshold"": 1.0, ""atr_length"": 20, ""atr_reference_length"": 50, ""atr_stop_multiplier"": 1.5, ""breakout_length"": 50, ""reward_risk"": 2.5, ""slope_lookback"": 5, ""trend_length"": 200}",wf_3_test,adverse,2025-04-01T00:00:00+00:00,2025-07-01T00:00:00+00:00,39,0.3436942112845287,1.0245565444720353,0.1821247029035113,0.8812672084220372,4.624395751724888,195.95640238146933,PASS,VALID
