configuration_id,candidate_id,symbol,timeframe,mode,parameters,period,scenario,start,end,closed_trades,return_pct,profit_factor,sharpe,expectancy,max_drawdown_pct,fees_paid
b31a74da95e4074d,candidate_a,ETHUSDT,15m,LONG_SHORT,"{""atr_length"": 20, ""atr_multiplier"": 2.5, ""reward_risk"": 1.25, ""rsi_length"": 25, ""rsi_overbought"": 65, ""rsi_oversold"": 35, ""sma_length"": 185, ""sma_slope_lookback"": 5, ""variant"": ""V1""}",HISTORICAL_CHALLENGE/calendar_2020,base,2020-01-11T11:00:00+00:00,2021-01-01T00:00:00+00:00,2,-1.009499101891265,0.0,-1.438862262227941,-50.47495509456188,1.1877452506367217,4.978921971614017
b31a74da95e4074d,candidate_a,ETHUSDT,15m,LONG_SHORT,"{""atr_length"": 20, ""atr_multiplier"": 2.5, ""reward_risk"": 1.25, ""rsi_length"": 25, ""rsi_overbought"": 65, ""rsi_oversold"": 35, ""sma_length"": 185, ""sma_slope_lookback"": 5, ""variant"": ""V1""}",HISTORICAL_CHALLENGE/calendar_2020,adverse,2020-01-11T11:00:00+00:00,2021-01-01T00:00:00+00:00,2,-1.0758838079023558,0.0,-1.4619651225933763,-53.79419039511757,1.2328070843271075,9.951261152385424
b31a74da95e4074d,candidate_a,ETHUSDT,15m,LONG_SHORT,"{""atr_length"": 20, ""atr_multiplier"": 2.5, ""reward_risk"": 1.25, ""rsi_length"": 25, ""rsi_overbought"": 65, ""rsi_oversold"": 35, ""sma_length"": 185, ""sma_slope_lookback"": 5, ""variant"": ""V1""}",HISTORICAL_CHALLENGE/calendar_2021,base,2021-01-01T00:00:00+00:00,2022-01-01T00:00:00+00:00,4,-0.7861531441385128,0.4562106028494122,-0.8143831652218225,-19.653828603463893,1.3253798487454318,9.847524122101548
b31a74da95e4074d,candidate_a,ETHUSDT,15m,LONG_SHORT,"{""atr_length"": 20, ""atr_multiplier"": 2.5, ""reward_risk"": 1.25, ""rsi_length"": 25, ""rsi_overbought"": 65, ""rsi_oversold"": 35, ""sma_length"": 185, ""sma_slope_lookback"": 5, ""variant"": ""V1""}",HISTORICAL_CHALLENGE/calendar_2021,adverse,2021-01-01T00:00:00+00:00,2022-01-01T00:00:00+00:00,4,-0.9172991698424116,0.4057100230405018,-0.914214990862506,-22.93247924605991,1.3694972914115286,19.673762807958685
b31a74da95e4074d,candidate_a,ETHUSDT,15m,LONG_SHORT,"{""atr_length"": 20, ""atr_multiplier"": 2.5, ""reward_risk"": 1.25, ""rsi_length"": 25, ""rsi_overbought"": 65, ""rsi_oversold"": 35, ""sma_length"": 185, ""sma_slope_lookback"": 5, ""variant"": ""V1""}",HISTORICAL_CHALLENGE/calendar_2022,base,2022-01-01T00:00:00+00:00,2023-01-01T00:00:00+00:00,10,-1.6093190859689854,0.4716704676865499,-1.0387371568668309,-16.093190859689912,2.5556891592370534,24.75495717411244
b31a74da95e4074d,candidate_a,ETHUSDT,15m,LONG_SHORT,"{""atr_length"": 20, ""atr_multiplier"": 2.5, ""reward_risk"": 1.25, ""rsi_length"": 25, ""rsi_overbought"": 65, ""rsi_oversold"": 35, ""sma_length"": 185, ""sma_slope_lookback"": 5, ""variant"": ""V1""}",HISTORICAL_CHALLENGE/calendar_2022,adverse,2022-01-01T00:00:00+00:00,2023-01-01T00:00:00+00:00,10,-1.938995999756821,0.4075812051687125,-1.2164863083830346,-19.389959997567843,2.8176978145277567,49.409264927052185
b31a74da95e4074d,candidate_a,ETHUSDT,15m,LONG_SHORT,"{""atr_length"": 20, ""atr_multiplier"": 2.5, ""reward_risk"": 1.25, ""rsi_length"": 25, ""rsi_overbought"": 65, ""rsi_oversold"": 35, ""sma_length"": 185, ""sma_slope_lookback"": 5, ""variant"": ""V1""}",HISTORICAL_CHALLENGE/calendar_2023_partial,base,2023-01-01T00:00:00+00:00,2023-06-04T00:00:00+00:00,7,0.2584521668010264,1.3088849978148045,0.4235146830407739,3.692173811443315,0.5840960928028827,17.482715106281535
b31a74da95e4074d,candidate_a,ETHUSDT,15m,LONG_SHORT,"{""atr_length"": 20, ""atr_multiplier"": 2.5, ""reward_risk"": 1.25, ""rsi_length"": 25, ""rsi_overbought"": 65, ""rsi_oversold"": 35, ""sma_length"": 185, ""sma_slope_lookback"": 5, ""variant"": ""V1""}",HISTORICAL_CHALLENGE/calendar_2023_partial,adverse,2023-01-01T00:00:00+00:00,2023-06-04T00:00:00+00:00,7,0.0225022674104291,1.024024402513293,0.0427008563170789,0.3214609630065111,0.6328570046142363,34.913451076808954
5a59e53c4975767a,candidate_b,ETHUSDT,15m,LONG_ONLY,"{""atr_length"": 20, ""atr_multiplier"": 2.5, ""reward_risk"": 1.25, ""rsi_length"": 25, ""rsi_overbought"": 65, ""rsi_oversold"": 35, ""sma_length"": 200, ""sma_slope_lookback"": 5, ""variant"": ""V1""}",HISTORICAL_CHALLENGE/calendar_2020,base,2020-01-11T11:00:00+00:00,2021-01-01T00:00:00+00:00,2,0.3886982960663587,1.6564238437692655,0.3369105741354926,19.43491480331713,1.1877452679931682,5.043966707059004
5a59e53c4975767a,candidate_b,ETHUSDT,15m,LONG_ONLY,"{""atr_length"": 20, ""atr_multiplier"": 2.5, ""reward_risk"": 1.25, ""rsi_length"": 25, ""rsi_overbought"": 65, ""rsi_oversold"": 35, ""sma_length"": 200, ""sma_slope_lookback"": 5, ""variant"": ""V1""}",HISTORICAL_CHALLENGE/calendar_2020,adverse,2020-01-11T11:00:00+00:00,2021-01-01T00:00:00+00:00,2,0.3204390338860108,1.5127066308339,0.2776210446590957,16.021951694301045,1.1989417516497078,10.079357443034793
5a59e53c4975767a,candidate_b,ETHUSDT,15m,LONG_ONLY,"{""atr_length"": 20, ""atr_multiplier"": 2.5, ""reward_risk"": 1.25, ""rsi_length"": 25, ""rsi_overbought"": 65, ""rsi_oversold"": 35, ""sma_length"": 200, ""sma_slope_lookback"": 5, ""variant"": ""V1""}",HISTORICAL_CHALLENGE/calendar_2021,base,2021-01-01T00:00:00+00:00,2022-01-01T00:00:00+00:00,4,-0.9093952208169886,0.3706986223107463,-0.908840238459472,-22.734880520425097,1.3253798487454318,9.906690757992385
5a59e53c4975767a,candidate_b,ETHUSDT,15m,LONG_ONLY,"{""atr_length"": 20, ""atr_multiplier"": 2.5, ""reward_risk"": 1.25, ""rsi_length"": 25, ""rsi_overbought"": 65, ""rsi_oversold"": 35, ""sma_length"": 200, ""sma_slope_lookback"": 5, ""variant"": ""V1""}",HISTORICAL_CHALLENGE/calendar_2021,adverse,2021-01-01T00:00:00+00:00,2022-01-01T00:00:00+00:00,4,-1.0418363055897273,0.3247396738421395,-1.0114912826865274,-26.04590763974292,1.388802803758194,19.79016855656741
5a59e53c4975767a,candidate_b,ETHUSDT,15m,LONG_ONLY,"{""atr_length"": 20, ""atr_multiplier"": 2.5, ""reward_risk"": 1.25, ""rsi_length"": 25, ""rsi_overbought"": 65, ""rsi_oversold"": 35, ""sma_length"": 200, ""sma_slope_lookback"": 5, ""variant"": ""V1""}",HISTORICAL_CHALLENGE/calendar_2022,base,2022-01-01T00:00:00+00:00,2023-01-01T00:00:00+00:00,9,-0.906626612172734,0.621828105851301,-0.6426924673595518,-10.073629024141194,1.3263266106400682,22.41178977304838
5a59e53c4975767a,candidate_b,ETHUSDT,15m,LONG_ONLY,"{""atr_length"": 20, ""atr_multiplier"": 2.5, ""reward_risk"": 1.25, ""rsi_length"": 25, ""rsi_overbought"": 65, ""rsi_oversold"": 35, ""sma_length"": 200, ""sma_slope_lookback"": 5, ""variant"": ""V1""}",HISTORICAL_CHALLENGE/calendar_2022,adverse,2022-01-01T00:00:00+00:00,2023-01-01T00:00:00+00:00,10,-1.7492919544970786,0.440986918190028,-1.0219479628804486,-17.492919544970793,2.108061981721662,49.51468283958335
5a59e53c4975767a,candidate_b,ETHUSDT,15m,LONG_ONLY,"{""atr_length"": 20, ""atr_multiplier"": 2.5, ""reward_risk"": 1.25, ""rsi_length"": 25, ""rsi_overbought"": 65, ""rsi_oversold"": 35, ""sma_length"": 200, ""sma_slope_lookback"": 5, ""variant"": ""V1""}",HISTORICAL_CHALLENGE/calendar_2023_partial,base,2023-01-01T00:00:00+00:00,2023-06-04T00:00:00+00:00,3,-0.0589707283155216,0.8924806417895937,-0.1004482363176752,-1.965690943850974,0.5855376963506849,7.514894736888286
5a59e53c4975767a,candidate_b,ETHUSDT,15m,LONG_ONLY,"{""atr_length"": 20, ""atr_multiplier"": 2.5, ""reward_risk"": 1.25, ""rsi_length"": 25, ""rsi_overbought"": 65, ""rsi_oversold"": 35, ""sma_length"": 200, ""sma_slope_lookback"": 5, ""variant"": ""V1""}",HISTORICAL_CHALLENGE/calendar_2023_partial,adverse,2023-01-01T00:00:00+00:00,2023-06-04T00:00:00+00:00,3,-0.1600251362190774,0.7397734452022438,-0.2709580398286862,-5.334171207303307,0.6307588794722444,15.014559851561687
a2dc034371ea5652,candidate_c,ETHUSDT,15m,LONG_ONLY,"{""atr_length"": 20, ""atr_multiplier"": 2.5, ""reward_risk"": 2.0, ""rsi_length"": 20, ""rsi_overbought"": 65, ""rsi_oversold"": 35, ""sma_length"": 150, ""sma_slope_lookback"": 5, ""variant"": ""V1""}",HISTORICAL_CHALLENGE/calendar_2020,base,2020-01-11T11:00:00+00:00,2021-01-01T00:00:00+00:00,6,-0.5271029010013972,0.6974939391336837,-0.3589857977261276,-8.785048350023489,1.8379080726000647,14.997196555510568
a2dc034371ea5652,candidate_c,ETHUSDT,15m,LONG_ONLY,"{""atr_length"": 20, ""atr_multiplier"": 2.5, ""reward_risk"": 2.0, ""rsi_length"": 20, ""rsi_overbought"": 65, ""rsi_oversold"": 35, ""sma_length"": 150, ""sma_slope_lookback"": 5, ""variant"": ""V1""}",HISTORICAL_CHALLENGE/calendar_2020,adverse,2020-01-11T11:00:00+00:00,2021-01-01T00:00:00+00:00,6,-0.7275989284577511,0.618432141819435,-0.4947983517463833,-12.126648807629378,1.9473696584989535,29.94891963039912
a2dc034371ea5652,candidate_c,ETHUSDT,15m,LONG_ONLY,"{""atr_length"": 20, ""atr_multiplier"": 2.5, ""reward_risk"": 2.0, ""rsi_length"": 20, ""rsi_overbought"": 65, ""rsi_oversold"": 35, ""sma_length"": 150, ""sma_slope_lookback"": 5, ""variant"": ""V1""}",HISTORICAL_CHALLENGE/calendar_2021,base,2021-01-01T00:00:00+00:00,2022-01-01T00:00:00+00:00,14,1.2747626722358962,1.2576863072855649,0.3827565886785211,9.105447658827758,2.6020166738518182,35.15583716244607
a2dc034371ea5652,candidate_c,ETHUSDT,15m,LONG_ONLY,"{""atr_length"": 20, ""atr_multiplier"": 2.5, ""reward_risk"": 2.0, ""rsi_length"": 20, ""rsi_overbought"": 65, ""rsi_oversold"": 35, ""sma_length"": 150, ""sma_slope_lookback"": 5, ""variant"": ""V1""}",HISTORICAL_CHALLENGE/calendar_2021,adverse,2021-01-01T00:00:00+00:00,2022-01-01T00:00:00+00:00,14,0.7457465382759265,1.1434331832599751,0.2330886039161933,5.326760987685298,2.665145709803186,69.95476013694572
a2dc034371ea5652,candidate_c,ETHUSDT,15m,LONG_ONLY,"{""atr_length"": 20, ""atr_multiplier"": 2.5, ""reward_risk"": 2.0, ""rsi_length"": 20, ""rsi_overbought"": 65, ""rsi_oversold"": 35, ""sma_length"": 150, ""sma_slope_lookback"": 5, ""variant"": ""V1""}",HISTORICAL_CHALLENGE/calendar_2022,base,2022-01-01T00:00:00+00:00,2023-01-01T00:00:00+00:00,13,-3.1628976831418742,0.2680017434046386,-1.8725270079605756,-24.329982178014568,3.487344981880086,31.937930225728397
a2dc034371ea5652,candidate_c,ETHUSDT,15m,LONG_ONLY,"{""atr_length"": 20, ""atr_multiplier"": 2.5, ""reward_risk"": 2.0, ""rsi_length"": 20, ""rsi_overbought"": 65, ""rsi_oversold"": 35, ""sma_length"": 150, ""sma_slope_lookback"": 5, ""variant"": ""V1""}",HISTORICAL_CHALLENGE/calendar_2022,adverse,2022-01-01T00:00:00+00:00,2023-01-01T00:00:00+00:00,14,-3.918649759692505,0.216616599714386,-2.1557082210627083,-27.99035542637569,4.220029111692986,68.4504843146323
a2dc034371ea5652,candidate_c,ETHUSDT,15m,LONG_ONLY,"{""atr_length"": 20, ""atr_multiplier"": 2.5, ""reward_risk"": 2.0, ""rsi_length"": 20, ""rsi_overbought"": 65, ""rsi_oversold"": 35, ""sma_length"": 150, ""sma_slope_lookback"": 5, ""variant"": ""V1""}",HISTORICAL_CHALLENGE/calendar_2023_partial,base,2023-01-01T00:00:00+00:00,2023-06-04T00:00:00+00:00,7,1.5224189085033537,2.9663761812682807,1.611012120028819,21.748841550047484,0.7518419335205224,17.709526426427534
a2dc034371ea5652,candidate_c,ETHUSDT,15m,LONG_ONLY,"{""atr_length"": 20, ""atr_multiplier"": 2.5, ""reward_risk"": 2.0, ""rsi_length"": 20, ""rsi_overbought"": 65, ""rsi_oversold"": 35, ""sma_length"": 150, ""sma_slope_lookback"": 5, ""variant"": ""V1""}",HISTORICAL_CHALLENGE/calendar_2023_partial,adverse,2023-01-01T00:00:00+00:00,2023-06-04T00:00:00+00:00,7,0.6562942256369553,1.5714325844968058,0.7192938965128026,9.375631794813115,0.8179706716733286,35.234000156559176
