family,experiment_id,run_id,configuration_id,symbol,timeframe,mode,period,year,backtest_id_base,return_pct_base,profit_factor_base,expectancy_base,sharpe_base,max_drawdown_pct_base,closed_trades_base,total_modeled_costs_base,backtest_id_adverse,return_pct_adverse,profit_factor_adverse,expectancy_adverse,sharpe_adverse,max_drawdown_pct_adverse,closed_trades_adverse,total_modeled_costs_adverse,return_pct_delta,profit_factor_delta,expectancy_delta,sharpe_delta,max_drawdown_pct_delta,closed_trades_delta,total_modeled_costs_delta,edge_disappears_adverse,edge_flag_definition,evidence_source
donchian_atr,eth_short_historical_falsification_v1_donchian_atr,20261008T183843Z-788bbf8b61dc,4c4aa07c4c65af74,ETHUSDT,1h,SHORT_ONLY,HISTORICAL_CHALLENGE/year_2020,2020.0,73d6708bc6f84f538b65a3789a121669,-2.4126199923865,0.8666790324950236,-7.310969673898557,-0.4153030715043028,9.7023735263988,33,121.9273995213017,9b6840ae5fb6434e9864ce82e48ef93c,-3.3820328495348995,0.8177197492616362,-10.248584392529864,-0.6063212767442239,10.178938111475365,33,241.23165363955363,-0.9694128571483996,-0.0489592832333874,-2.9376147186313077,-0.191018205239921,0.4765645850765647,0,119.30425411825192,False,BASE return>0/PF>1/expectancy>0 loses conjunction in ADVERSE; diagnostic only,historical
donchian_atr,eth_short_historical_falsification_v1_donchian_atr,20261008T183843Z-788bbf8b61dc,4c4aa07c4c65af74,ETHUSDT,1h,SHORT_ONLY,HISTORICAL_CHALLENGE/year_2021,2021.0,e4d8aca87a294bfbb031fe97dc9f83ac,5.523313985126799,1.412356136824218,22.09325594050717,0.7875704204888518,3.831871707779962,25,89.53320560365938,03ae0370e1c44d5cb95addf3e33b1c51,1.8056382212676023,1.1249841536899148,7.222552885070329,0.2961790204339987,3.889710194667285,25,172.4435337828146,-3.717675763859196,-0.2873719831343033,-14.870703055436842,-0.4913914000548531,0.0578384868873227,0,82.91032817915521,False,BASE return>0/PF>1/expectancy>0 loses conjunction in ADVERSE; diagnostic only,historical
donchian_atr,eth_short_historical_falsification_v1_donchian_atr,20261008T183843Z-788bbf8b61dc,4c4aa07c4c65af74,ETHUSDT,1h,SHORT_ONLY,HISTORICAL_CHALLENGE/year_2022,2022.0,eaca7db6a6ab45188064bf0567542641,17.79440507267658,1.7997619410976236,36.31511239321763,1.883386472915363,6.008660666793741,49,211.21188801412032,ba2f313f37c6439980de7694627ca91a,15.570638321669318,1.6750311517115686,31.77681290136601,1.707249489047862,6.228877858151247,49,415.7685457180969,-2.223766751007261,-0.1247307893860549,-4.5382994918516175,-0.1761369838675011,0.2202171913575057,0,204.55665770397655,False,BASE return>0/PF>1/expectancy>0 loses conjunction in ADVERSE; diagnostic only,historical
donchian_atr,eth_short_historical_falsification_v1_donchian_atr,20261008T183843Z-788bbf8b61dc,6719be4e317770b6,ETHUSDT,1h,SHORT_ONLY,HISTORICAL_CHALLENGE/year_2020,2020.0,7066f8176f9f4b638706be6913b9c541,-2.837232666609435,0.8466065549902414,-8.344801960615841,-0.4927621131155287,10.09526742003404,34,125.95307680103414,06cecb1fff224f57aafe73198a6670ac,-3.8352714925889098,0.7979495839131644,-11.280210272320282,-0.6901389386354262,10.60029193032788,34,249.2009290368437,-0.9980388259794748,-0.048656971077077,-2.9354083117044407,-0.1973768255198974,0.5050245102938398,0,123.24785223580952,False,BASE return>0/PF>1/expectancy>0 loses conjunction in ADVERSE; diagnostic only,historical
donchian_atr,eth_short_historical_falsification_v1_donchian_atr,20261008T183843Z-788bbf8b61dc,6719be4e317770b6,ETHUSDT,1h,SHORT_ONLY,HISTORICAL_CHALLENGE/year_2021,2021.0,d687beda999142ecade9c5552874d30a,5.523313985126799,1.412356136824218,22.09325594050717,0.7875704204888518,3.831871707779962,25,89.53320560365938,c059caf3840f4efd960a96c7b3669bbc,1.8056382212676023,1.1249841536899148,7.222552885070329,0.2961790204339987,3.889710194667285,25,172.4435337828146,-3.717675763859196,-0.2873719831343033,-14.870703055436842,-0.4913914000548531,0.0578384868873227,0,82.91032817915521,False,BASE return>0/PF>1/expectancy>0 loses conjunction in ADVERSE; diagnostic only,historical
donchian_atr,eth_short_historical_falsification_v1_donchian_atr,20261008T183843Z-788bbf8b61dc,6719be4e317770b6,ETHUSDT,1h,SHORT_ONLY,HISTORICAL_CHALLENGE/year_2022,2022.0,3b393bde9e7444238d714bee0e77b54f,15.906559032181477,1.6744052185574634,31.18933143564987,1.7264778152941127,6.461060457495515,51,216.80447226808695,0e043474e48648aa9c1164c32059f035,13.679394802963696,1.5601992392419617,26.82234275090914,1.537469013855799,6.712124225822383,51,426.7266858937584,-2.227164229217781,-0.1142059793155019,-4.366988684740729,-0.1890088014383137,0.2510637683268681,0,209.92221362567145,False,BASE return>0/PF>1/expectancy>0 loses conjunction in ADVERSE; diagnostic only,historical
donchian_atr,eth_short_historical_falsification_v1_donchian_atr,20261008T183843Z-788bbf8b61dc,827790540ac7604f,ETHUSDT,1h,SHORT_ONLY,HISTORICAL_CHALLENGE/year_2020,2020.0,fab433c8757b48d2bd471dcd7a04f1ba,1.4479247319921784,1.072419242536645,3.810328242084698,0.269943038606065,9.22651037786081,38,147.46354051064222,db6ba185c03c4ba794ad8b491b248f36,0.1637594942065945,1.0079776113248824,0.430946037385726,0.0605913394614371,9.81720073694296,38,291.3386018456873,-1.284165237785584,-0.0644416312117626,-3.379382204698972,-0.2093516991446279,0.5906903590821493,0,143.8750613350451,False,BASE return>0/PF>1/expectancy>0 loses conjunction in ADVERSE; diagnostic only,historical
donchian_atr,eth_short_historical_falsification_v1_donchian_atr,20261008T183843Z-788bbf8b61dc,827790540ac7604f,ETHUSDT,1h,SHORT_ONLY,HISTORICAL_CHALLENGE/year_2021,2021.0,ebad6daa3d29470faad12e967fc573b8,3.290909922448071,1.149146601486828,8.227274806120304,0.4026073395011059,4.34386361576354,40,144.04628325222032,ef1fd455fff24c578e4389ea9f9edf84,-0.6022338362761337,0.9739373121225366,-1.505584590690379,-0.026014510885949,4.526697255289919,40,278.8946835523959,-3.8931437587242046,-0.1752092893642912,-9.732859396810683,-0.4286218503870549,0.182833639526379,0,134.8484003001756,True,BASE return>0/PF>1/expectancy>0 loses conjunction in ADVERSE; diagnostic only,historical
donchian_atr,eth_short_historical_falsification_v1_donchian_atr,20261008T183843Z-788bbf8b61dc,827790540ac7604f,ETHUSDT,1h,SHORT_ONLY,HISTORICAL_CHALLENGE/year_2022,2022.0,5563a5789bbc460a8bc4f7a9e0fae65d,13.112355947316834,1.4102438659611458,19.57068051838332,1.307561340372015,6.447231690584079,67,287.8019833361401,cc2a40eda1b843f7979ebac7290e90cc,10.410216355432777,1.315994040338892,15.537636351391953,1.0874830024929802,6.781811595788946,67,565.5179039541447,-2.702139591884057,-0.0942498256222537,-4.033044166991367,-0.2200783378790347,0.3345799052048672,0,277.71592061800453,False,BASE return>0/PF>1/expectancy>0 loses conjunction in ADVERSE; diagnostic only,historical
donchian_atr,eth_short_historical_falsification_v1_donchian_atr,20261008T183843Z-788bbf8b61dc,db2f1a56c8656a10,ETHUSDT,1h,SHORT_ONLY,HISTORICAL_CHALLENGE/year_2020,2020.0,b6dd09936bc743d0b57065372c4614d4,-2.4126199923865,0.8666790324950236,-7.310969673898557,-0.4153030715043028,9.7023735263988,33,121.9273995213017,f9984a271dd641b2b84e50494dcb45d7,-3.3820328495348995,0.8177197492616362,-10.248584392529864,-0.6063212767442239,10.178938111475365,33,241.23165363955363,-0.9694128571483996,-0.0489592832333874,-2.9376147186313077,-0.191018205239921,0.4765645850765647,0,119.30425411825192,False,BASE return>0/PF>1/expectancy>0 loses conjunction in ADVERSE; diagnostic only,historical
donchian_atr,eth_short_historical_falsification_v1_donchian_atr,20261008T183843Z-788bbf8b61dc,db2f1a56c8656a10,ETHUSDT,1h,SHORT_ONLY,HISTORICAL_CHALLENGE/year_2021,2021.0,7002c16fe536428faa6f80031796ed39,3.5523858410779763,1.2688345141716704,14.80160767115821,0.5230267955934751,3.831870513912088,24,84.45517049680703,63de382bc4e047ca991fbd0b51e4e476,-0.0070961898740118,0.9995022551496764,-0.0295674578082418,0.0326393193279584,3.8897104973529606,24,162.76246859410787,-3.559482030951988,-0.269332259021994,-14.831175128966452,-0.4903874762655166,0.0578399834408731,0,78.30729809730084,True,BASE return>0/PF>1/expectancy>0 loses conjunction in ADVERSE; diagnostic only,historical
donchian_atr,eth_short_historical_falsification_v1_donchian_atr,20261008T183843Z-788bbf8b61dc,db2f1a56c8656a10,ETHUSDT,1h,SHORT_ONLY,HISTORICAL_CHALLENGE/year_2022,2022.0,882c2a05fee748ce94a0bd31db0d53d5,17.79440507267658,1.7997619410976236,36.31511239321763,1.883386472915363,6.008660666793741,49,211.21188801412032,cb971eab73f64d958b17655ba5999276,15.570638321669318,1.6750311517115686,31.77681290136601,1.707249489047862,6.228877858151247,49,415.7685457180969,-2.223766751007261,-0.1247307893860549,-4.5382994918516175,-0.1761369838675011,0.2202171913575057,0,204.55665770397655,False,BASE return>0/PF>1/expectancy>0 loses conjunction in ADVERSE; diagnostic only,historical
donchian_atr,eth_short_historical_falsification_v1_donchian_atr,20261008T183843Z-788bbf8b61dc,e0dd4c731d1d27f0,ETHUSDT,1h,SHORT_ONLY,HISTORICAL_CHALLENGE/year_2020,2020.0,7592a9fe74ad486997ef272268f65494,0.2663483131576827,1.0125428886036232,0.6658707828943093,0.0773196263299862,9.772797468948925,40,155.95421181128248,edd4eaf5bf994e1ab5206931bdfc8f2e,-1.0707588413964353,0.9509286117690476,-2.6768971034911813,-0.1423329071264492,10.59132559209676,40,308.09619357550645,-1.337107154554118,-0.0616142768345756,-3.3427678863854906,-0.2196525334564355,0.8185281231478374,0,152.14198176422397,True,BASE return>0/PF>1/expectancy>0 loses conjunction in ADVERSE; diagnostic only,historical
donchian_atr,eth_short_historical_falsification_v1_donchian_atr,20261008T183843Z-788bbf8b61dc,e0dd4c731d1d27f0,ETHUSDT,1h,SHORT_ONLY,HISTORICAL_CHALLENGE/year_2021,2021.0,5bd2e23d5e364a738a51ea73f4d67f7f,5.2568653051148,1.2351097540285962,12.821622695401793,0.6117667779277025,4.343863492708264,41,150.0162956038464,255e0563367140de9e051fde3160ab09,1.1997160478152136,1.0512571912523128,2.9261367019882427,0.1792122187128951,4.403682769469912,41,290.2220848379302,-4.057149257299586,-0.1838525627762834,-9.895485993413548,-0.4325545592148073,0.0598192767616474,0,140.2057892340838,False,BASE return>0/PF>1/expectancy>0 loses conjunction in ADVERSE; diagnostic only,historical
donchian_atr,eth_short_historical_falsification_v1_donchian_atr,20261008T183843Z-788bbf8b61dc,e0dd4c731d1d27f0,ETHUSDT,1h,SHORT_ONLY,HISTORICAL_CHALLENGE/year_2022,2022.0,9e036cc5423f4ced87926ad3081f56bb,13.001627267111404,1.4008773374967525,18.842938068277324,1.2955522415614724,6.8592190342202,69,297.131597397422,2b162eaa9592480e885052fad853ba89,10.227709139702236,1.3058427982670735,14.822766869133442,1.0683224532892697,7.140918953578216,69,583.7874589426971,-2.773918127409169,-0.0950345392296785,-4.020171199143881,-0.2272297882722027,0.2816999193580152,0,286.65586154527506,False,BASE return>0/PF>1/expectancy>0 loses conjunction in ADVERSE; diagnostic only,historical
donchian_atr,eth_short_historical_falsification_v1_donchian_atr,20261008T183843Z-788bbf8b61dc,ff43266d9f6c730a,ETHUSDT,1h,SHORT_ONLY,HISTORICAL_CHALLENGE/year_2020,2020.0,f128848419354982a4745b26307c5749,0.7089366214249715,1.0324053823628268,1.6879443367262912,0.1482799279752344,9.374522992449045,42,164.85267971167113,1a07e55ac59042e492bff5effedefc4a,-0.7005662185165962,0.9688457944435862,-1.6680148059919095,-0.0810500007598418,10.256758804172613,42,325.6466070190378,-1.4095028399415677,-0.0635595879192405,-3.3559591427182007,-0.2293299287350763,0.8822358117235698,0,160.79392730736666,True,BASE return>0/PF>1/expectancy>0 loses conjunction in ADVERSE; diagnostic only,historical
donchian_atr,eth_short_historical_falsification_v1_donchian_atr,20261008T183843Z-788bbf8b61dc,ff43266d9f6c730a,ETHUSDT,1h,SHORT_ONLY,HISTORICAL_CHALLENGE/year_2021,2021.0,a76c5e6cb7a840efa3e4c5a9d3bff4f4,5.442953229518821,1.2347046992819208,12.65803076632286,0.6252896035812633,4.343862644354312,43,157.6939846599491,3c5eac206f334eea806cfab503f61625,-1.2835720742912948,0.9498782844263032,-2.9172092597528945,-0.1027464807877289,4.848983753925651,44,312.2180880345843,-6.726525303810115,-0.2848264148556177,-15.575240026075756,-0.7280360843689921,0.5051211095713395,1,154.5241033746352,True,BASE return>0/PF>1/expectancy>0 loses conjunction in ADVERSE; diagnostic only,historical
donchian_atr,eth_short_historical_falsification_v1_donchian_atr,20261008T183843Z-788bbf8b61dc,ff43266d9f6c730a,ETHUSDT,1h,SHORT_ONLY,HISTORICAL_CHALLENGE/year_2022,2022.0,ed6494fe09234f098686612fe164a478,11.014929688165733,1.328001085200891,15.513985476289587,1.133592045273792,7.307525674096768,71,301.7647036871622,b4addf082b38453291a8b591dc00103b,8.240248834185815,1.2381983284162352,11.605984273501008,0.8915155129240586,7.619465837007404,71,592.7087955635332,-2.774680853979916,-0.0898027567846557,-3.9080012027885793,-0.2420765323497333,0.311940162910636,0,290.944091876371,False,BASE return>0/PF>1/expectancy>0 loses conjunction in ADVERSE; diagnostic only,historical
donchian_atr,eth_short_regime_challenge_v1_donchian_atr,20261007T203647Z-194d4424b93c,4c4aa07c4c65af74,ETHUSDT,1h,SHORT_ONLY,diagnostic_year_2023,,,-5.713035276487699,0.3464548851378017,-21.973212601875566,,5.969877649613205,26,108.07050962773104,,-6.508698107307554,0.3024378543775045,-25.033454258875096,,6.700781895600216,26,214.92172187004545,-0.7956628308198548,-0.0440170307602972,-3.06024165699953,,0.730904245987011,0,106.85121224231438,,,recent
donchian_atr,eth_short_regime_challenge_v1_donchian_atr,20261007T203647Z-194d4424b93c,4c4aa07c4c65af74,ETHUSDT,1h,SHORT_ONLY,diagnostic_year_2024,,,-0.3212640530898314,0.9834853780277156,-0.7139201179774252,,4.7810550476646805,45,186.0194399933492,,-2.25572762980335,0.8871871279272862,-5.126653704098582,,4.944552979099098,44,357.968093157913,-1.9344635767135188,-0.0962982501004294,-4.412733586121157,,0.1634979314344171,-1,171.9486531645638,,,recent
donchian_atr,eth_short_regime_challenge_v1_donchian_atr,20261007T203647Z-194d4424b93c,4c4aa07c4c65af74,ETHUSDT,1h,SHORT_ONLY,diagnostic_year_2025,,,13.258108446133043,1.6689670319711738,29.462463213628972,,3.959615763647047,45,196.24309232855845,,11.801865705567472,1.5851691813540838,26.22636823459455,,4.071558379358536,45,387.7241489601476,-1.4562427405655711,-0.08379785061709,-3.2360949790344264,,0.1119426157114893,0,191.48105663158915,,,recent
donchian_atr,eth_short_regime_challenge_v1_donchian_atr,20261007T203647Z-194d4424b93c,4c4aa07c4c65af74,ETHUSDT,1h,SHORT_ONLY,diagnostic_year_2026,,,1.8869157904603415,1.1819580973015107,6.7389849659297045,,5.039680932802043,28,122.21929687992665,,1.623949196530683,1.158279203359455,6.014626653817253,,5.126705247289736,27,235.29327676380183,-0.2629665939296588,-0.023678893942056,-0.7243583121124519,,0.0870243144876923,-1,113.07397988387518,,,recent
donchian_atr,eth_short_regime_challenge_v1_donchian_atr,20261007T203647Z-194d4424b93c,4c4aa07c4c65af74,ETHUSDT,1h,SHORT_ONLY,test,,,5.94517596628954,1.2972344929791908,11.89035193257911,,5.039680233468864,50,221.4191343481935,,4.968343187007163,1.2472239440371118,10.139475891851353,,5.126705800522021,49,430.4950700877055,-0.9768327792823772,-0.050010548942079,-1.750876040727757,,0.0870255670531578,-1,209.07593573951203,,,recent
donchian_atr,eth_short_regime_challenge_v1_donchian_atr,20261007T203647Z-194d4424b93c,4c4aa07c4c65af74,ETHUSDT,1h,SHORT_ONLY,train,,,-6.802999514086039,0.5870815020361595,-15.117776697968916,,8.64515541533224,45,182.7583587590049,,-8.633762814136347,0.4995749822168934,-19.6221882139462,,10.15881611522214,44,353.6500401873136,-1.8307633000503076,-0.087506519819266,-4.5044115159772815,,1.5136606998898987,-1,170.89168142830871,,,recent
donchian_atr,eth_short_regime_challenge_v1_donchian_atr,20261007T203647Z-194d4424b93c,4c4aa07c4c65af74,ETHUSDT,1h,SHORT_ONLY,validation,,,0.8445079687169788,1.074193613020432,3.248107571988264,,4.03925400367514,26,108.05523630167184,,0.0176816707507798,1.001499778094394,0.0680064259647422,,4.4718126449555164,26,214.4563484363697,-0.8268262979661989,-0.0726938349260382,-3.180101146023522,,0.4325586412803766,0,106.40111213469788,,,recent
donchian_atr,eth_short_regime_challenge_v1_donchian_atr,20261007T203647Z-194d4424b93c,6719be4e317770b6,ETHUSDT,1h,SHORT_ONLY,diagnostic_year_2023,,,-6.011683524737532,0.334447913820641,-22.26549453606516,,6.267712365207324,27,112.01378511821552,,-6.836529060400065,0.2915974548532967,-25.32047800148173,,7.027939299281015,27,222.7365017679056,-0.8248455356625328,-0.0428504589673442,-3.054983465416573,,0.7602269340736907,0,110.72271664969006,,,recent
donchian_atr,eth_short_regime_challenge_v1_donchian_atr,20261007T203647Z-194d4424b93c,6719be4e317770b6,ETHUSDT,1h,SHORT_ONLY,diagnostic_year_2024,,,-0.3212640530898314,0.9834853780277156,-0.7139201179774252,,4.7810550476646805,45,186.0194399933492,,-2.25572762980335,0.8871871279272862,-5.126653704098582,,4.944552979099098,44,357.968093157913,-1.9344635767135188,-0.0962982501004294,-4.412733586121157,,0.1634979314344171,-1,171.9486531645638,,,recent
donchian_atr,eth_short_regime_challenge_v1_donchian_atr,20261007T203647Z-194d4424b93c,6719be4e317770b6,ETHUSDT,1h,SHORT_ONLY,diagnostic_year_2025,,,12.580988761045964,1.6171248270433989,27.349975567491214,,3.9596124722677857,46,200.08847105624156,,11.09531909241861,1.5343705446578766,24.12025889656221,,4.07155867983635,46,395.3023308512876,-1.485669668627354,-0.082754282385522,-3.229716670929008,,0.1119462075685646,0,195.2138597950461,,,recent
donchian_atr,eth_short_regime_challenge_v1_donchian_atr,20261007T203647Z-194d4424b93c,6719be4e317770b6,ETHUSDT,1h,SHORT_ONLY,diagnostic_year_2026,,,1.0583366865037247,1.0945058579219435,3.5277889550124684,,5.811930592865839,30,130.9246091765245,,0.7287497499110618,1.0653280891258474,2.512930172107005,,5.962438572289335,29,252.65042484596108,-0.3295869365926629,-0.0291777687960961,-1.0148587829054634,,0.1505079794234953,-1,121.72581566943656,,,recent
donchian_atr,eth_short_regime_challenge_v1_donchian_atr,20261007T203647Z-194d4424b93c,6719be4e317770b6,ETHUSDT,1h,SHORT_ONLY,test,,,5.083593588693258,1.2436629687311889,9.776141516717855,,5.81193000638711,52,230.47118977343865,,4.0436830761628295,1.1923622414734616,7.928790345417406,,5.962439204205143,51,448.4234351015417,-1.0399105125304289,-0.0513007272577272,-1.847351171300449,,0.1505091978180335,-1,217.95224532810303,,,recent
donchian_atr,eth_short_regime_challenge_v1_donchian_atr,20261007T203647Z-194d4424b93c,6719be4e317770b6,ETHUSDT,1h,SHORT_ONLY,train,,,-7.098193110290119,0.5760228904332436,-15.430854587587426,,8.934515288614314,46,186.46505479476195,,-8.954140423196533,0.4896492954203184,-19.89808982932574,,10.47384671280122,45,360.9783810367858,-1.855947312906414,-0.0863735950129251,-4.467235241738315,,1.5393314241869067,-1,174.51332624202382,,,recent
donchian_atr,eth_short_regime_challenge_v1_donchian_atr,20261007T203647Z-194d4424b93c,6719be4e317770b6,ETHUSDT,1h,SHORT_ONLY,validation,,,0.8445079687169788,1.074193613020432,3.248107571988264,,4.03925400367514,26,108.05523630167184,,0.0176816707507798,1.001499778094394,0.0680064259647422,,4.4718126449555164,26,214.4563484363697,-0.8268262979661989,-0.0726938349260382,-3.180101146023522,,0.4325586412803766,0,106.40111213469788,,,recent
donchian_atr,eth_short_regime_challenge_v1_donchian_atr,20261007T203647Z-194d4424b93c,827790540ac7604f,ETHUSDT,1h,SHORT_ONLY,diagnostic_year_2023,,,-6.3753840593465565,0.311957046449505,-21.98408296326393,,6.63042216150285,29,120.31004488516226,,-7.259927116193321,0.269943861150807,-25.034231435149277,,7.450467457010325,29,239.17620832100943,-0.8845430568467645,-0.042013185298698,-3.0501484718853438,,0.8200452955074757,0,118.8661634358472,,,recent
donchian_atr,eth_short_regime_challenge_v1_donchian_atr,20261007T203647Z-194d4424b93c,827790540ac7604f,ETHUSDT,1h,SHORT_ONLY,diagnostic_year_2024,,,1.7660928452460034,1.07285197254125,2.9434880754100456,,4.795218307272091,60,251.84500903091745,,0.1421559883332257,1.0058649170508618,0.2450965316090961,,5.352986237095085,58,481.0475891260036,-1.6239368569127777,-0.0669870554903881,-2.6983915438009496,,0.5577679298229947,-2,229.20258009508612,,,recent
donchian_atr,eth_short_regime_challenge_v1_donchian_atr,20261007T203647Z-194d4424b93c,827790540ac7604f,ETHUSDT,1h,SHORT_ONLY,diagnostic_year_2025,,,9.555912364397413,1.3398837279548923,15.926520607329058,,4.888838275326219,60,261.9216241613495,,7.621897736484895,1.2655083328442431,12.703162894141451,,5.31219736569923,60,516.6911815655494,-1.934014627912516,-0.0743753951106491,-3.223357713187605,,0.4233590903730109,0,254.76955740419996,,,recent
donchian_atr,eth_short_regime_challenge_v1_donchian_atr,20261007T203647Z-194d4424b93c,827790540ac7604f,ETHUSDT,1h,SHORT_ONLY,diagnostic_year_2026,,,-0.6296043459579792,0.9533551546292024,-1.8517774881116835,,5.798336690665844,34,142.87959485052747,,-1.054463890139301,0.9219573014135904,-3.1953451216341686,,6.120658212346217,33,276.34115950438684,-0.4248595441813219,-0.031397853215612,-1.343567633522485,,0.3223215216803732,-1,133.46156465385937,,,recent
donchian_atr,eth_short_regime_challenge_v1_donchian_atr,20261007T203647Z-194d4424b93c,827790540ac7604f,ETHUSDT,1h,SHORT_ONLY,test,,,1.9073274989861664,1.0713816670128105,3.0275039666448467,,6.389644163755859,63,270.4860433917244,,0.5572479320443025,1.0206144697383173,0.8987869871682406,,6.585817829749835,62,527.0434847606089,-1.3500795669418642,-0.0507671972744931,-2.1287169794766063,,0.1961736659939754,-1,256.5574413688845,,,recent
donchian_atr,eth_short_regime_challenge_v1_donchian_atr,20261007T203647Z-194d4424b93c,827790540ac7604f,ETHUSDT,1h,SHORT_ONLY,train,,,-7.223233074312263,0.6351177296885511,-12.898630489843402,,8.67790844764158,56,226.2299716784976,,-8.605071935096753,0.5694866340289972,-15.93531839832724,,10.384096857549888,54,431.5163871068054,-1.3818388607844891,-0.0656310956595538,-3.036687908483838,,1.7061884099083071,-2,205.2864154283078,,,recent
donchian_atr,eth_short_regime_challenge_v1_donchian_atr,20261007T203647Z-194d4424b93c,827790540ac7604f,ETHUSDT,1h,SHORT_ONLY,validation,,,2.696098180722561,1.205592138278561,8.169994487038165,,4.795217504205716,33,139.98008675243267,,1.616038120550778,1.1187749802816582,4.897085213790476,,5.352987162363256,33,277.6780836556208,-1.0800600601717836,-0.0868171579969028,-3.2729092732476897,,0.5577696581575395,0,137.69799690318814,,,recent
donchian_atr,eth_short_regime_challenge_v1_donchian_atr,20261007T203647Z-194d4424b93c,db2f1a56c8656a10,ETHUSDT,1h,SHORT_ONLY,diagnostic_year_2023,,,-5.711990280175272,0.2876262286260941,-23.79995950073012,,5.968835499922612,24,100.0239931093101,,-6.444629999957597,0.2489420184123598,-26.85262499982316,,6.636845420225847,24,198.96159583696485,-0.7326397197823251,-0.0386842102137342,-3.052665499093038,,0.668009920303235,0,98.93760272765476,,,recent
donchian_atr,eth_short_regime_challenge_v1_donchian_atr,20261007T203647Z-194d4424b93c,db2f1a56c8656a10,ETHUSDT,1h,SHORT_ONLY,diagnostic_year_2024,,,-0.3212640530898314,0.9834853780277156,-0.7139201179774252,,4.7810550476646805,45,186.0194399933492,,-2.25572762980335,0.8871871279272862,-5.126653704098582,,4.944552979099098,44,357.968093157913,-1.9344635767135188,-0.0962982501004294,-4.412733586121157,,0.1634979314344171,-1,171.9486531645638,,,recent
donchian_atr,eth_short_regime_challenge_v1_donchian_atr,20261007T203647Z-194d4424b93c,db2f1a56c8656a10,ETHUSDT,1h,SHORT_ONLY,diagnostic_year_2025,,,13.387561257568349,1.6751161712878355,29.75013612792972,,3.959613977144724,45,196.3301867487376,,11.929790234979489,1.5911772054175877,26.51064496662103,,4.071559324358239,45,387.8959733875328,-1.4577710225888598,-0.083938965870248,-3.2394911613086883,,0.1119453472135143,0,191.56578663879523,,,recent
donchian_atr,eth_short_regime_challenge_v1_donchian_atr,20261007T203647Z-194d4424b93c,db2f1a56c8656a10,ETHUSDT,1h,SHORT_ONLY,diagnostic_year_2026,,,0.3929615174889989,1.040119365206605,1.5718460699562318,,4.466465889633637,25,107.7252210023422,,0.2335952403541341,1.024207290665854,0.9733135014754596,,4.521252000914563,24,206.38129380322584,-0.1593662771348647,-0.0159120745407508,-0.5985325684807723,,0.0547861112809258,-1,98.6560728008836,,,recent
donchian_atr,eth_short_regime_challenge_v1_donchian_atr,20261007T203647Z-194d4424b93c,db2f1a56c8656a10,ETHUSDT,1h,SHORT_ONLY,test,,,4.470911408047895,1.2302763910321255,9.512577463931558,,4.46646482633151,47,206.4593899614888,,3.610856631892712,1.1853805391238537,7.8496883302013885,,4.521252310987371,46,400.84619127120106,-0.8600547761551836,-0.0448958519082718,-1.66288913373017,,0.0547874846558604,-1,194.38680130971227,,,recent
donchian_atr,eth_short_regime_challenge_v1_donchian_atr,20261007T203647Z-194d4424b93c,db2f1a56c8656a10,ETHUSDT,1h,SHORT_ONLY,train,,,-6.801966375259494,0.5681875662208974,-15.8185264540917,,8.644143353877082,43,174.71267760453316,,-8.571149346587504,0.4808004057380953,-20.407498444255893,,10.09724955070424,42,337.78500211410665,-1.7691829713280098,-0.087387160482802,-4.588971990164193,,1.453106196827159,-1,163.0723245095735,,,recent
donchian_atr,eth_short_regime_challenge_v1_donchian_atr,20261007T203647Z-194d4424b93c,db2f1a56c8656a10,ETHUSDT,1h,SHORT_ONLY,validation,,,0.8445079687169788,1.074193613020432,3.248107571988264,,4.03925400367514,26,108.05523630167184,,0.0176816707507798,1.001499778094394,0.0680064259647422,,4.4718126449555164,26,214.4563484363697,-0.8268262979661989,-0.0726938349260382,-3.180101146023522,,0.4325586412803766,0,106.40111213469788,,,recent
donchian_atr,eth_short_regime_challenge_v1_donchian_atr,20261007T203647Z-194d4424b93c,e0dd4c731d1d27f0,ETHUSDT,1h,SHORT_ONLY,diagnostic_year_2023,,,-6.376422506601442,0.3613511624768943,-20.5691048600046,,6.6314577799758565,31,128.29995783273154,,-7.323435594401473,0.3147793781649536,-23.623985788391668,,7.513845453036327,31,254.99723587017343,-0.9470130878000304,-0.0465717843119406,-3.054880928387071,,0.882387673060471,0,126.69727803744188,,,recent
donchian_atr,eth_short_regime_challenge_v1_donchian_atr,20261007T203647Z-194d4424b93c,e0dd4c731d1d27f0,ETHUSDT,1h,SHORT_ONLY,diagnostic_year_2024,,,1.1911527662878507,1.048056748015009,1.952709452930866,,5.333089439899605,61,255.8967060819789,,-0.4577419843514563,0.981547932392109,-0.7758338717820447,,5.919965044172517,59,489.0155826762571,-1.648894750639307,-0.0665088156228999,-2.7285433247129105,,0.5868756042729117,-2,233.11887659427825,,,recent
donchian_atr,eth_short_regime_challenge_v1_donchian_atr,20261007T203647Z-194d4424b93c,e0dd4c731d1d27f0,ETHUSDT,1h,SHORT_ONLY,diagnostic_year_2025,,,9.029878052693372,1.3175914281267438,14.803078774907233,,5.074155315836116,61,265.77812032996263,,7.068524119842334,1.243325090986474,11.587744458757824,,5.691282410463828,61,524.2538962237926,-1.961353932851039,-0.0742663371402696,-3.215334316149409,,0.6171270946277128,0,258.47577589383,,,recent
donchian_atr,eth_short_regime_challenge_v1_donchian_atr,20261007T203647Z-194d4424b93c,e0dd4c731d1d27f0,ETHUSDT,1h,SHORT_ONLY,diagnostic_year_2026,,,1.504234781514091,1.111491800894722,4.178429948650254,,4.851674297475456,36,153.81716349571963,,1.0043830695576128,1.0743504209990995,2.869665913021753,,5.057156774096412,35,298.11207629234593,-0.4998517119564782,-0.0371413798956226,-1.3087640356285006,,0.2054824766209559,-1,144.29491279662628,,,recent
donchian_atr,eth_short_regime_challenge_v1_donchian_atr,20261007T203647Z-194d4424b93c,e0dd4c731d1d27f0,ETHUSDT,1h,SHORT_ONLY,test,,,4.016734424838164,1.1504456720477512,6.179591422828048,,4.8516745175923885,65,281.55357686293394,,2.5717358973046838,1.0951998283587585,4.0183373395384905,,5.057157800458803,64,548.8805352924016,-1.444998527533481,-0.0552458436889928,-2.161254083289557,,0.2054832828664148,-1,267.3269584294677,,,recent
donchian_atr,eth_short_regime_challenge_v1_donchian_atr,20261007T203647Z-194d4424b93c,e0dd4c731d1d27f0,ETHUSDT,1h,SHORT_ONLY,train,,,-7.22426423471858,0.6478411689414839,-12.45562799089422,,8.678922979613949,58,234.21872589151337,,-8.667656290178893,0.5817659918027002,-15.47795766103371,,10.445464241529006,56,447.2057135214488,-1.443392055460313,-0.0660751771387837,-3.0223296701394897,,1.766541261915057,-2,212.9869876299354,,,recent
donchian_atr,eth_short_regime_challenge_v1_donchian_atr,20261007T203647Z-194d4424b93c,e0dd4c731d1d27f0,ETHUSDT,1h,SHORT_ONLY,validation,,,2.1159040341452107,1.1548642622001584,6.223247159250735,,5.333087622203574,34,144.06879341760225,,1.0073122897933828,1.0710226528270617,2.9626832052747147,,5.919966294790722,34,285.763370170434,-1.1085917443518278,-0.0838416093730967,-3.2605639539760203,,0.5868786725871482,0,141.69457675283172,,,recent
donchian_atr,eth_short_regime_challenge_v1_donchian_atr,20261007T203647Z-194d4424b93c,ff43266d9f6c730a,ETHUSDT,1h,SHORT_ONLY,diagnostic_year_2023,,,-7.092726908633507,0.3355693772261435,-21.493111844344032,,7.2676147068866035,33,135.87659574488634,,-8.095186529880882,0.2919757384453408,-24.53086827236632,,8.248718939244903,33,269.98194060728,-1.0024596212473753,-0.0435936387808026,-3.037756428022288,,0.981104232358299,0,134.10534486239368,,,recent
donchian_atr,eth_short_regime_challenge_v1_donchian_atr,20261007T203647Z-194d4424b93c,ff43266d9f6c730a,ETHUSDT,1h,SHORT_ONLY,diagnostic_year_2024,,,0.9193499878156208,1.0367791282209595,1.482822560992997,,5.333088564371793,62,259.6000131920923,,-0.7588448143481363,0.9696957598936174,-1.2647413572467352,,5.9199644861686505,60,496.2340206589016,-1.6781948021637572,-0.067083368327342,-2.747563918239732,,0.5868759217968575,-2,236.63400746680924,,,recent
donchian_atr,eth_short_regime_challenge_v1_donchian_atr,20261007T203647Z-194d4424b93c,ff43266d9f6c730a,ETHUSDT,1h,SHORT_ONLY,diagnostic_year_2025,,,7.850136695580567,1.2661827866551,12.460534437429615,,5.641677043174243,63,273.98923230724864,,5.837461312388781,1.1935598958282216,9.265811606966272,,6.287283041772869,63,540.3574329459229,-2.0126753831917865,-0.0726228908268784,-3.194722830463345,,0.6456059985986258,0,266.3682006386743,,,recent
donchian_atr,eth_short_regime_challenge_v1_donchian_atr,20261007T203647Z-194d4424b93c,ff43266d9f6c730a,ETHUSDT,1h,SHORT_ONLY,diagnostic_year_2026,,,0.6787679859564744,1.0474087596508077,1.786231541990802,,5.625452688981934,38,162.49515828834413,,0.1146412192657431,1.007962016131292,0.309841133150607,,5.893502865588419,37,315.374113543512,-0.5641267666907313,-0.0394467435195153,-1.476390408840195,,0.2680501766064855,-1,152.87895525516788,,,recent
donchian_atr,eth_short_regime_challenge_v1_donchian_atr,20261007T203647Z-194d4424b93c,ff43266d9f6c730a,ETHUSDT,1h,SHORT_ONLY,test,,,2.6683040533952878,1.0953903197802872,3.9239765491107903,,5.62545322192316,68,294.0285499220095,,1.1383787881736884,1.0401252475794698,1.6990728181697263,,5.893503219509158,67,573.4459986362846,-1.5299252652215989,-0.0552650722008174,-2.224903730941064,,0.2680499975859982,-1,279.41744871427505,,,recent
donchian_atr,eth_short_regime_challenge_v1_donchian_atr,20261007T203647Z-194d4424b93c,ff43266d9f6c730a,ETHUSDT,1h,SHORT_ONLY,train,,,-8.18138091330911,0.6168569569616714,-13.412099857883709,,9.54475666330758,61,244.78188905533764,,-9.702188534255562,0.5516620587058368,-16.444387346195814,,11.425786687813646,59,468.0067482882071,-1.5208076209464512,-0.0651948982558345,-3.032287488312108,,1.8810300245060676,-2,223.22485923286948,,,recent
donchian_atr,eth_short_regime_challenge_v1_donchian_atr,20261007T203647Z-194d4424b93c,ff43266d9f6c730a,ETHUSDT,1h,SHORT_ONLY,validation,,,2.1159040341452107,1.1548642622001584,6.223247159250735,,5.333087622203574,34,144.06879341760225,,1.0073122897933828,1.0710226528270617,2.9626832052747147,,5.919966294790722,34,285.763370170434,-1.1085917443518278,-0.0838416093730967,-3.2605639539760203,,0.5868786725871482,0,141.69457675283172,,,recent
